,city,created_at_format,total_debt_total
0,Москва,2020-07-22,2390.85
1,Москва,2020-07-23,2380.95
2,Москва,2020-07-24,4756.95
3,Москва,2020-07-25,4755.3
4,Москва,2020-07-26,4756.95
5,Москва,2020-07-27,4747.05
6,Москва,2020-07-31,5910.9
7,Москва,2020-08-01,1473.9
8,Москва,2020-08-02,1470.84
9,Москва,2020-08-03,2776.44
10,Москва,2020-08-04,1469.82
11,Москва,2020-08-05,2579.58
12,Санкт-Петербург,2020-09-08,2363.24
13,Москва,2020-09-09,1229.0
14,Москва,2020-09-17,2863.0
15,Москва,2020-09-18,1443.0
16,Москва,2020-09-19,2885.0
17,Москва,2020-09-20,1443.0
18,Москва,2020-09-21,2899.0
19,Москва,2020-09-22,2852.0
20,Москва,2020-09-23,2763.0
21,Санкт-Петербург,2020-09-23,1333.2
22,Москва,2020-09-24,1445.0
23,Москва,2020-09-25,1340.0
24,Москва,2020-09-27,1440.0
25,Москва,2020-09-29,1440.0
26,Москва,2020-10-01,1440.0
27,Москва,2020-10-02,1440.0
28,Санкт-Петербург,2020-10-04,1454.4
29,Санкт-Петербург,2020-10-05,1454.4
30,Москва,2020-10-07,1437.0
31,Москва,2020-10-08,994.0
32,Москва,2020-10-10,1440.0
33,Москва,2020-10-11,1440.0
34,Москва,2020-10-12,2929.0
35,Санкт-Петербург,2020-10-17,1454.4
36,Санкт-Петербург,2020-10-18,1454.4
37,Санкт-Петербург,2020-10-22,1379.66
38,Москва,2020-10-23,1344.0
39,Санкт-Петербург,2020-10-24,1454.4
40,Санкт-Петербург,2020-10-25,2909.81
41,Санкт-Петербург,2020-10-26,1454.4
42,Москва,2020-10-27,1440.0
43,Санкт-Петербург,2020-10-27,2163.37
44,Санкт-Петербург,2020-10-28,1454.4
45,Санкт-Петербург,2020-10-29,1454.4
46,Санкт-Петербург,2020-10-31,1291.79
47,Москва,2020-11-02,2510.0
48,Москва,2020-11-03,1440.0
49,Москва,2020-11-04,1440.0
50,Санкт-Петербург,2020-11-04,1454.4
51,Москва,2020-11-05,1343.0
52,Санкт-Петербург,2020-11-05,1454.4
53,Санкт-Петербург,2020-11-08,2908.8
54,Санкт-Петербург,2020-11-09,2908.8
55,Москва,2020-11-10,1159.0
56,Санкт-Петербург,2020-11-10,1189.78
57,Москва,2020-11-11,1442.0
58,Санкт-Петербург,2020-11-11,1456.42
59,Москва,2020-11-12,1430.0
60,Санкт-Петербург,2020-11-12,1454.4
61,Москва,2020-11-13,1440.0
62,Санкт-Петербург,2020-11-13,1332.19
63,Москва,2020-11-14,1448.0
64,Санкт-Петербург,2020-11-14,1454.4
65,Москва,2020-11-15,5768.0
66,Санкт-Петербург,2020-11-15,1458.44
67,Москва,2020-11-16,4324.0
68,Москва,2020-11-17,2880.0
69,Москва,2020-11-18,4323.0
70,Санкт-Петербург,2020-11-18,1104.4
71,Москва,2020-11-19,5626.0
72,Санкт-Петербург,2020-11-19,2901.73
73,Москва,2020-11-20,1549.0
74,Москва,2020-11-21,1440.0
75,Санкт-Петербург,2020-11-21,1454.4
76,Тольятти,2020-11-21,1209.6
77,Москва,2020-11-22,1440.0
78,Санкт-Петербург,2020-11-22,2908.8
79,Тольятти,2020-11-22,1209.6
80,Москва,2020-11-23,1470.0
81,Тольятти,2020-11-23,1210.44
82,Санкт-Петербург,2020-11-24,1457.43
83,Тольятти,2020-11-24,344.4
84,Санкт-Петербург,2020-11-25,1448.34
85,Санкт-Петербург,2020-11-26,2911.83
86,Тольятти,2020-11-26,1209.6
87,Санкт-Петербург,2020-11-27,1104.4
88,Санкт-Петербург,2020-11-28,1108.44
89,Санкт-Петербург,2020-11-29,1454.4
90,Санкт-Петербург,2020-11-30,2558.8
91,Санкт-Петербург,2020-12-01,1454.4
92,Москва,2020-12-02,1428.0
93,Санкт-Петербург,2020-12-02,1454.4
94,Москва,2020-12-03,3801.6
95,Санкт-Петербург,2020-12-03,2911.83
96,Москва,2020-12-04,1440.0
97,Санкт-Петербург,2020-12-04,1264.99
98,Москва,2020-12-05,1440.0
99,Санкт-Петербург,2020-12-05,1456.42
100,Москва,2020-12-06,1441.0
101,Санкт-Петербург,2020-12-06,1457.43
102,Москва,2020-12-07,1159.0
103,Санкт-Петербург,2020-12-07,1106.42
104,Москва,2020-12-08,2361.6
105,Москва,2020-12-11,2361.6
106,Санкт-Петербург,2020-12-12,1696.73
107,Москва,2020-12-13,2361.6
108,Санкт-Петербург,2020-12-13,404.4
109,Москва,2020-12-14,3572.28
110,Санкт-Петербург,2020-12-14,404.4
111,Тольятти,2020-12-15,1213.94
112,Москва,2020-12-16,961.0
113,Москва,2020-12-26,1440.0
114,Москва,2020-12-27,1440.0
115,Санкт-Петербург,2020-12-28,1454.4
116,Москва,2020-12-31,2361.6
117,Москва,2021-01-01,1447.0
118,Москва,2021-01-02,2883.0
119,Москва,2021-01-03,1445.0
120,Москва,2021-01-04,2888.0
121,Москва,2021-01-05,1440.0
122,Москва,2021-01-06,1440.0
123,Тольятти,2021-01-07,1233.05
124,Москва,2021-01-08,1440.0
125,Москва,2021-01-12,5530.08
126,Санкт-Петербург,2021-01-13,1465.51
127,Санкт-Петербург,2021-01-14,1454.4
128,Тольятти,2021-01-16,1209.6
129,Санкт-Петербург,2021-01-17,1457.43
130,Тольятти,2021-01-17,1209.6
131,Санкт-Петербург,2021-01-18,1457.43
132,Тольятти,2021-01-18,1209.6
133,Санкт-Петербург,2021-01-19,1456.42
134,Тольятти,2021-01-19,1209.6
135,Москва,2021-01-20,1130.0
136,Санкт-Петербург,2021-01-20,1458.44
137,Тольятти,2021-01-20,1335.6
138,Санкт-Петербург,2021-01-21,795.88
139,Тольятти,2021-01-25,1310.4
140,Тольятти,2021-01-26,1268.54
141,Санкт-Петербург,2021-01-27,1103.8
142,Санкт-Петербург,2021-01-28,1081.99
143,Санкт-Петербург,2021-01-31,1408.44
144,Москва,2021-02-03,2879.0
145,Москва,2021-02-04,2880.0
146,Москва,2021-02-05,2846.0
147,Москва,2021-02-06,1440.0
148,Москва,2021-02-07,1440.0
149,Тольятти,2021-02-07,1209.6
150,Москва,2021-02-08,1440.0
151,Москва,2021-02-09,1440.0
152,Санкт-Петербург,2021-02-09,1454.4
153,Тольятти,2021-02-09,1209.6
154,Санкт-Петербург,2021-02-10,1245.33
155,Тольятти,2021-02-10,2318.4
156,Москва,2021-02-11,1440.0
157,Тольятти,2021-02-11,1108.8
158,Москва,2021-02-12,1432.0
159,Тольятти,2021-02-12,1108.8
160,Москва,2021-02-13,1440.0
161,Тольятти,2021-02-13,1108.8
162,Москва,2021-02-14,1440.0
163,Тольятти,2021-02-14,1108.8
164,Москва,2021-02-15,2497.0
165,Тольятти,2021-02-15,1109.57
166,Москва,2021-02-16,1444.0
167,Тольятти,2021-02-16,1108.8
168,Москва,2021-02-17,2884.0
169,Санкт-Петербург,2021-02-17,946.37
170,Тольятти,2021-02-17,1108.8
171,Москва,2021-02-18,1440.0
172,Тольятти,2021-02-18,1108.8
173,Тольятти,2021-02-19,2319.24
174,Москва,2021-02-20,1440.0
175,Тольятти,2021-02-20,3528.0
176,Москва,2021-02-21,1440.0
177,Тольятти,2021-02-21,3528.0
178,Москва,2021-02-22,1440.0
179,Санкт-Петербург,2021-02-22,1214.49
180,Тольятти,2021-02-22,3528.0
181,Москва,2021-02-23,1440.0
182,Тольятти,2021-02-23,3528.0
183,Москва,2021-02-24,1345.0
184,Тольятти,2021-02-24,2318.4
185,Тольятти,2021-02-25,2318.4
186,Москва,2021-02-26,1440.0
187,Тольятти,2021-02-26,1108.8
188,Москва,2021-02-27,1440.0
189,Тольятти,2021-02-27,1108.8
190,Москва,2021-02-28,1440.0
191,Тольятти,2021-02-28,1108.8
192,Москва,2021-03-01,2880.0
193,Тольятти,2021-03-01,1108.8
194,Москва,2021-03-02,1440.0
195,Тольятти,2021-03-02,1108.8
196,Москва,2021-03-03,4252.0
197,Тольятти,2021-03-03,1108.8
198,Москва,2021-03-04,2880.0
199,Тольятти,2021-03-04,833.14
200,Москва,2021-03-05,1440.0
201,Тольятти,2021-03-05,735.0
202,Москва,2021-03-06,1440.0
203,Москва,2021-03-07,1440.0
204,Москва,2021-03-08,1290.0
205,Тольятти,2021-03-08,1108.8
206,Санкт-Петербург,2021-03-09,1388.75
207,Тольятти,2021-03-09,2318.4
208,Тольятти,2021-03-10,2318.4
209,Тольятти,2021-03-11,3495.66
210,Тольятти,2021-03-12,2708.16
211,Тольятти,2021-03-13,1209.6
212,Тольятти,2021-03-14,1209.6
213,Тольятти,2021-03-15,2318.4
214,Тольятти,2021-03-16,2318.4
215,Тольятти,2021-03-17,2318.4
216,Москва,2021-03-18,1440.0
217,Тольятти,2021-03-18,2196.6
218,Москва,2021-03-19,1440.0
219,Тольятти,2021-03-19,1108.8
220,Тольятти,2021-03-20,953.26
221,Москва,2021-03-22,1440.0
222,Москва,2021-03-23,1440.0
223,Москва,2021-03-25,1440.0
224,Москва,2021-03-26,1440.0
225,Москва,2021-03-27,1440.0
226,Тольятти,2021-03-27,1209.6
227,Москва,2021-03-28,2880.0
228,Москва,2021-03-29,2966.0
229,Тольятти,2021-03-29,1209.6
230,Санкт-Петербург,2021-03-30,3217.68
231,Тольятти,2021-03-31,1415.4
232,Тольятти,2021-04-02,1310.4
233,Москва,2021-04-03,1440.0
234,Тольятти,2021-04-03,1310.4
235,Москва,2021-04-04,1440.0
236,Тольятти,2021-04-04,2520.0
237,Москва,2021-04-05,1440.0
238,Тольятти,2021-04-05,2620.8
239,Москва,2021-04-06,1440.0
240,Тольятти,2021-04-06,3775.8
241,Москва,2021-04-07,4284.0
242,Тольятти,2021-04-07,1310.4
243,Москва,2021-04-09,12069.0
244,Самара,2021-04-09,2744.85
245,Тольятти,2021-04-09,9473.66
246,Москва,2021-04-10,2892.0
247,Тольятти,2021-04-10,3960.32
248,Тольятти,2021-04-11,1310.4
249,Москва,2021-04-12,5241.6
250,Тольятти,2021-04-12,1209.6
251,Москва,2021-04-13,1444.0
252,Тольятти,2021-04-13,1310.4
253,Москва,2021-04-14,11199.0
254,Тольятти,2021-04-14,1310.4
255,Москва,2021-04-17,2880.0
256,Москва,2021-04-18,2880.0
257,Москва,2021-04-19,2880.0
258,Москва,2021-04-20,1440.0
259,Москва,2021-04-21,1440.0
260,Москва,2021-04-22,1440.0
261,Тольятти,2021-04-22,1209.6
262,Москва,2021-04-23,3030.0
263,Тольятти,2021-04-23,1209.6
264,Москва,2021-04-24,2880.0
265,Тольятти,2021-04-24,1209.6
266,Москва,2021-04-25,1440.0
267,Тольятти,2021-04-25,2419.2
268,Москва,2021-04-26,1440.0
269,Тольятти,2021-04-26,2420.04
270,Москва,2021-04-27,1327.0
271,Тольятти,2021-04-27,2419.2
272,Москва,2021-04-29,1440.0
273,Москва,2021-05-01,1440.0
274,Москва,2021-05-02,1440.0
275,Москва,2021-05-03,1440.0
276,Самара,2021-05-03,1252.8
277,Москва,2021-05-04,2880.0
278,Самара,2021-05-04,1176.24
279,Москва,2021-05-05,582.0
280,Самара,2021-05-07,1252.8
281,Самара,2021-05-12,1240.62
282,Санкт-Петербург,2021-05-12,1454.4
283,Москва,2021-05-13,1440.0
284,Москва,2021-05-14,1441.0
285,Москва,2021-05-15,2880.0
286,Москва,2021-05-16,2880.0
287,Москва,2021-05-17,1440.0
288,Москва,2021-05-18,1440.0
289,Москва,2021-05-19,2880.0
290,Москва,2021-05-20,1440.0
291,Тольятти,2021-05-20,1008.0
292,Москва,2021-05-21,2697.0
293,Тольятти,2021-05-21,1008.0
294,Москва,2021-05-22,1440.0
295,Тольятти,2021-05-22,1008.0
296,Тольятти,2021-05-23,1008.0
297,Москва,2021-05-24,1440.0
298,Тольятти,2021-05-24,1008.0
299,Тольятти,2021-05-25,1008.0
300,Москва,2021-05-26,2880.0
301,Тольятти,2021-05-26,1136.8
302,Москва,2021-05-27,2880.0
303,Москва,2021-05-28,2882.0
304,Санкт-Петербург,2021-05-28,1454.4
305,Москва,2021-05-29,4320.0
306,Санкт-Петербург,2021-05-29,1454.4
307,Москва,2021-05-30,2880.0
308,Санкт-Петербург,2021-05-30,1454.4
309,Тольятти,2021-05-30,1008.7
310,Москва,2021-05-31,2880.0
311,Санкт-Петербург,2021-05-31,1454.4
312,Тольятти,2021-05-31,1008.0
313,Москва,2021-06-01,4320.0
314,Санкт-Петербург,2021-06-01,1455.41
315,Тольятти,2021-06-01,1008.0
316,Москва,2021-06-02,4487.0
317,Санкт-Петербург,2021-06-02,1454.4
318,Москва,2021-06-03,2881.0
319,Санкт-Петербург,2021-06-03,1440.26
320,Москва,2021-06-04,2880.0
321,Самара,2021-06-04,1252.8
322,Москва,2021-06-05,4320.0
323,Самара,2021-06-05,1252.8
324,Москва,2021-06-06,2880.0
325,Самара,2021-06-06,1252.8
326,Москва,2021-06-07,4079.0
327,Самара,2021-06-07,1252.8
328,Тольятти,2021-06-07,1008.0
329,Москва,2021-06-08,1440.0
330,Самара,2021-06-08,1252.8
331,Самара,2021-06-09,1224.09
332,Тольятти,2021-06-10,1008.0
333,Москва,2021-06-12,1440.0
334,Тольятти,2021-06-12,1008.0
335,Москва,2021-06-13,2880.0
336,Тольятти,2021-06-13,1008.0
337,Москва,2021-06-14,1502.0
338,Тольятти,2021-06-14,1008.0
339,Тольятти,2021-06-16,1008.0
340,Москва,2021-06-18,1440.0
341,Москва,2021-06-20,1440.0
342,Москва,2021-06-22,1440.0
343,Москва,2021-06-23,2361.6
344,Москва,2021-06-24,2361.6
345,Москва,2021-06-27,2363.24
346,Москва,2021-06-28,2361.6
347,Москва,2021-06-29,2361.6
348,Москва,2021-06-30,2365.6
349,Москва,2021-07-01,3801.6
350,Москва,2021-07-02,1440.0
351,Санкт-Петербург,2021-07-05,1459.45
352,Москва,2021-07-06,1440.0
353,Москва,2021-07-08,1440.0
354,Москва,2021-07-09,1440.0
355,Москва,2021-07-10,1440.0
356,Москва,2021-07-11,1440.0
357,Москва,2021-07-13,1440.0
358,Москва,2021-07-14,4703.0
359,Москва,2021-07-15,3048.0
360,Москва,2021-07-16,3221.0
361,Москва,2021-07-17,1440.0
362,Москва,2021-07-18,1660.0
363,Санкт-Петербург,2021-07-25,1454.4
364,Санкт-Петербург,2021-07-26,1454.4
365,Самара,2021-07-28,1252.8
366,Самара,2021-07-29,106.14
367,Санкт-Петербург,2021-07-29,1454.4
368,Санкт-Петербург,2021-07-30,1488.74
369,Тольятти,2021-08-01,1209.6
370,Санкт-Петербург,2021-08-03,1454.4
371,Тольятти,2021-08-03,1209.6
372,Санкт-Петербург,2021-08-04,1454.4
373,Тольятти,2021-08-04,1209.6
374,Тольятти,2021-08-06,1209.6
375,Москва,2021-08-07,2880.0
376,Санкт-Петербург,2021-08-07,1454.4
377,Тольятти,2021-08-07,1209.6
378,Москва,2021-08-08,2880.0
379,Санкт-Петербург,2021-08-08,1454.4
380,Тольятти,2021-08-08,1209.6
381,Москва,2021-08-09,1440.0
382,Тольятти,2021-08-10,1209.6
383,Москва,2021-08-11,1440.0
384,Санкт-Петербург,2021-08-11,1454.4
385,Тольятти,2021-08-12,1209.6
386,Тольятти,2021-08-13,1209.6
387,Тольятти,2021-08-14,1209.6
388,Тольятти,2021-08-15,1209.6
389,Москва,2021-08-16,3801.6
390,Москва,2021-08-17,2361.6
391,Санкт-Петербург,2021-08-17,2831.03
392,Тольятти,2021-08-17,1209.6
393,Санкт-Петербург,2021-08-18,1454.4
394,Тольятти,2021-08-18,1039.08
395,Москва,2021-08-19,3801.6
396,Санкт-Петербург,2021-08-19,1454.4
397,Москва,2021-08-20,2361.6
398,Санкт-Петербург,2021-08-20,1385.72
399,Москва,2021-08-21,2361.6
400,Москва,2021-08-22,2361.6
401,Москва,2021-08-23,2361.6
402,Москва,2021-08-24,2361.6
403,Москва,2021-08-25,2361.6
404,Москва,2021-08-27,2361.6
405,Москва,2021-08-28,2361.6
406,Москва,2021-08-29,2361.6
407,Москва,2021-08-30,2361.6
408,Тольятти,2021-08-30,1281.28
409,Москва,2021-08-31,2361.6
410,Тольятти,2021-08-31,2237.76
411,Тольятти,2021-09-01,1061.76
412,Москва,2021-09-02,2361.6
413,Москва,2021-09-03,2361.6
414,Самара,2021-09-03,1353.6
415,Москва,2021-09-04,2361.6
416,Самара,2021-09-04,1353.6
417,Москва,2021-09-05,3801.6
418,Москва,2021-09-06,2361.6
419,Самара,2021-09-06,1353.6
420,Москва,2021-09-07,2361.6
421,Самара,2021-09-07,1397.78
422,Москва,2021-09-08,2361.6
423,Самара,2021-09-08,1353.6
424,Москва,2021-09-09,2361.6
425,Самара,2021-09-09,1353.6
426,Москва,2021-09-10,5241.6
427,Самара,2021-09-10,1353.6
428,Москва,2021-09-11,4622.52
429,Самара,2021-09-11,1353.6
430,Москва,2021-09-12,1209.6
431,Самара,2021-09-12,1353.6
432,Санкт-Петербург,2021-09-12,2361.6
433,Москва,2021-09-13,1209.6
434,Самара,2021-09-13,1353.6
435,Москва,2021-09-14,4089.6
436,Тольятти,2021-09-14,1310.4
437,Москва,2021-09-15,4089.6
438,Тольятти,2021-09-15,1310.4
439,Москва,2021-09-16,4089.6
440,Тольятти,2021-09-16,1310.4
441,Москва,2021-09-17,1209.6
442,Тольятти,2021-09-17,1310.4
443,Москва,2021-09-18,4089.6
444,Тольятти,2021-09-18,1310.4
445,Москва,2021-09-19,2649.6
446,Тольятти,2021-09-19,1310.4
447,Москва,2021-09-20,1440.0
448,Москва,2021-09-21,2361.6
449,Москва,2021-09-22,2649.6
450,Тольятти,2021-09-22,1299.48
451,Москва,2021-09-23,1209.6
452,Санкт-Петербург,2021-09-23,1405.92
453,Москва,2021-09-24,6452.04
454,Москва,2021-09-25,1209.6
455,Москва,2021-09-26,5530.44
456,Москва,2021-09-27,4089.6
457,Москва,2021-09-28,4089.6
458,Москва,2021-09-29,5529.6
459,Москва,2021-09-30,2651.28
460,Москва,2021-10-01,6739.2
461,Москва,2021-10-02,5299.2
462,Москва,2021-10-03,5529.6
463,Москва,2021-10-04,4089.6
464,Санкт-Петербург,2021-10-04,1218.06
465,Москва,2021-10-05,2649.6
466,Москва,2021-10-06,4089.6
467,Москва,2021-10-07,1440.0
468,Москва,2021-10-08,4089.6
469,Москва,2021-10-09,4089.6
470,Москва,2021-10-10,10771.2
471,Москва,2021-10-11,4089.6
472,Тольятти,2021-10-11,471.38
473,Москва,2021-10-12,9331.2
474,Самара,2021-10-12,1353.6
475,Москва,2021-10-13,6451.2
476,Самара,2021-10-13,1353.6
477,Москва,2021-10-14,10252.8
478,Самара,2021-10-14,2707.2
479,Москва,2021-10-15,8812.8
480,Самара,2021-10-15,2707.2
481,Москва,2021-10-16,10252.8
482,Самара,2021-10-16,2707.2
483,Москва,2021-10-17,10252.8
484,Самара,2021-10-17,2707.2
485,Тольятти,2021-10-17,1310.4
486,Москва,2021-10-18,7603.2
487,Самара,2021-10-18,2707.2
488,Москва,2021-10-19,12326.4
489,Самара,2021-10-19,1353.6
490,Тольятти,2021-10-19,1112.93
491,Москва,2021-10-20,16187.6
492,Самара,2021-10-20,2707.2
493,Москва,2021-10-21,14976.0
494,Самара,2021-10-21,4060.8
495,Москва,2021-10-22,13536.0
496,Самара,2021-10-22,2707.2
497,Москва,2021-10-23,13219.2
498,Самара,2021-10-23,2707.2
499,Москва,2021-10-24,17395.2
500,Самара,2021-10-24,2707.2
501,Москва,2021-10-25,15638.4
502,Самара,2021-10-25,1353.6
503,Москва,2021-10-26,14745.6
504,Самара,2021-10-26,1353.6
505,Москва,2021-10-27,16779.94
506,Самара,2021-10-27,1353.6
507,Москва,2021-10-28,11719.98
508,Самара,2021-10-28,2707.2
509,Санкт-Петербург,2021-10-28,1454.4
510,Москва,2021-10-29,9792.0
511,Самара,2021-10-29,2707.2
512,Санкт-Петербург,2021-10-29,1454.4
513,Москва,2021-10-30,16560.0
514,Санкт-Петербург,2021-10-30,1454.4
515,Москва,2021-10-31,12700.8
516,Санкт-Петербург,2021-10-31,1454.4
517,Москва,2021-11-01,13910.4
518,Санкт-Петербург,2021-11-01,1454.4
519,Москва,2021-11-02,12700.8
520,Самара,2021-11-02,2707.2
521,Санкт-Петербург,2021-11-02,1454.4
522,Москва,2021-11-03,14140.8
523,Самара,2021-11-03,2707.2
524,Санкт-Петербург,2021-11-03,1454.4
525,Москва,2021-11-04,10108.8
526,Самара,2021-11-04,2707.2
527,Москва,2021-11-05,12700.8
528,Самара,2021-11-05,4060.8
529,Москва,2021-11-06,11548.8
530,Самара,2021-11-06,2707.2
531,Тольятти,2021-11-06,1310.4
532,Москва,2021-11-07,10339.2
533,Самара,2021-11-07,1353.6
534,Тольятти,2021-11-07,1310.4
535,Москва,2021-11-08,10339.2
536,Самара,2021-11-08,1353.6
537,Санкт-Петербург,2021-11-08,1351.38
538,Тольятти,2021-11-08,1310.4
539,Москва,2021-11-09,6537.6
540,Самара,2021-11-09,1353.6
541,Тольятти,2021-11-09,1310.4
542,Москва,2021-11-10,7977.6
543,Самара,2021-11-10,2762.66
544,Тольятти,2021-11-10,1310.4
545,Москва,2021-11-11,5335.2
546,Москва,2021-11-12,11779.2
547,Самара,2021-11-12,1277.46
548,Москва,2021-11-13,11779.2
549,Самара,2021-11-13,1350.78
550,Москва,2021-11-14,11548.8
551,Самара,2021-11-14,1350.78
552,Москва,2021-11-15,11569.88
553,Тольятти,2021-11-15,2319.6
554,Москва,2021-11-16,7430.4
555,Самара,2021-11-16,1350.78
556,Москва,2021-11-17,6220.8
557,Самара,2021-11-17,1350.78
558,Москва,2021-11-18,9792.0
559,Самара,2021-11-18,1350.78
560,Москва,2021-11-19,10063.32
561,Москва,2021-11-20,9792.0
562,Самара,2021-11-20,1350.78
563,Москва,2021-11-21,9792.0
564,Самара,2021-11-21,1350.78
565,Москва,2021-11-22,7372.8
566,Москва,2021-11-23,8582.4
567,Москва,2021-11-24,9016.72
568,Москва,2021-11-25,6220.8
569,Тольятти,2021-11-25,1183.58
570,Москва,2021-11-26,7430.4
571,Москва,2021-11-27,7430.4
572,Москва,2021-11-28,7430.4
573,Москва,2021-11-29,7430.4
574,Москва,2021-11-30,7430.4
575,Москва,2021-12-01,7023.12
576,Тольятти,2021-12-01,308.41
577,Москва,2021-12-02,3891.72
578,Москва,2021-12-03,2419.2
579,Москва,2021-12-04,1209.6
580,Москва,2021-12-05,1209.6
581,Самара,2021-12-05,1316.64
582,Москва,2021-12-06,3628.8
583,Самара,2021-12-06,1177.23
584,Москва,2021-12-07,1209.6
585,Самара,2021-12-07,1214.19
586,Москва,2021-12-08,1209.6
587,Самара,2021-12-08,1214.19
588,Москва,2021-12-09,1209.6
589,Самара,2021-12-09,1214.19
590,Москва,2021-12-10,2651.28
591,Самара,2021-12-10,1214.19
592,Москва,2021-12-11,3857.2
593,Москва,2021-12-12,2419.2
594,Тольятти,2021-12-12,1310.4
595,Москва,2021-12-13,4089.6
596,Тольятти,2021-12-13,1310.4
597,Москва,2021-12-14,1209.6
598,Тольятти,2021-12-14,1009.19
599,Москва,2021-12-15,3859.2
600,Москва,2021-12-16,2267.16
601,Москва,2021-12-17,5250.96
602,Москва,2021-12-18,2606.4
603,Москва,2021-12-19,5486.4
604,Москва,2021-12-20,2606.4
605,Москва,2021-12-21,2606.4
606,Тольятти,2021-12-21,1310.4
607,Москва,2021-12-22,3816.0
608,Тольятти,2021-12-22,1310.4
609,Москва,2021-12-23,2606.4
610,Тольятти,2021-12-23,1310.4
611,Москва,2021-12-24,4964.36
612,Тольятти,2021-12-24,1310.4
613,Москва,2021-12-25,4046.4
614,Тольятти,2021-12-25,2620.8
615,Москва,2021-12-26,4046.4
616,Тольятти,2021-12-26,1310.4
617,Москва,2021-12-27,4968.0
618,Тольятти,2021-12-27,2620.8
619,Москва,2021-12-28,3816.0
620,Тольятти,2021-12-28,2621.71
621,Москва,2021-12-29,6692.0
622,Тольятти,2021-12-29,1310.4
623,Москва,2021-12-30,2606.4
624,Самара,2021-12-30,1353.6
625,Тольятти,2021-12-30,2620.8
626,Москва,2021-12-31,6696.0
627,Самара,2021-12-31,1353.6
628,Тольятти,2021-12-31,1310.4
629,Москва,2022-01-01,5803.2
630,Самара,2022-01-01,1353.6
631,Москва,2022-01-02,4363.2
632,Самара,2022-01-02,1353.6
633,Тольятти,2022-01-02,1310.4
634,Москва,2022-01-03,8452.8
635,Самара,2022-01-03,1353.6
636,Тольятти,2022-01-03,2620.8
637,Москва,2022-01-04,10133.2
638,Самара,2022-01-04,1353.6
639,Тольятти,2022-01-04,3852.94
640,Москва,2022-01-05,11593.2
641,Самара,2022-01-05,2707.2
642,Тольятти,2022-01-05,2620.8
643,Москва,2022-01-06,15903.2
644,Самара,2022-01-06,1353.6
645,Тольятти,2022-01-06,1310.4
646,Москва,2022-01-07,13211.8
647,Самара,2022-01-07,1353.6
648,Москва,2022-01-08,11593.2
649,Самара,2022-01-08,2707.2
650,Москва,2022-01-09,10153.2
651,Самара,2022-01-09,1353.6
652,Тольятти,2022-01-09,1310.4
653,Москва,2022-01-10,11046.0
654,Самара,2022-01-10,1353.6
655,Тольятти,2022-01-10,2615.34
656,Москва,2022-01-11,6956.4
657,Самара,2022-01-11,1353.6
658,Москва,2022-01-12,13053.2
659,Самара,2022-01-12,1353.6
660,Москва,2022-01-13,9836.4
661,Самара,2022-01-13,1353.6
662,Москва,2022-01-14,9836.4
663,Самара,2022-01-14,2707.2
664,Москва,2022-01-15,11036.0
665,Самара,2022-01-15,2707.2
666,Москва,2022-01-16,9596.0
667,Самара,2022-01-16,1353.6
668,Москва,2022-01-17,5506.4
669,Самара,2022-01-17,1204.14
670,Москва,2022-01-18,5506.4
671,Тольятти,2022-01-18,1310.4
672,Москва,2022-01-19,15360.15
673,Тольятти,2022-01-19,1310.4
674,Москва,2022-01-20,11299.6
675,Самара,2022-01-20,2707.2
676,Тольятти,2022-01-20,1310.4
677,Москва,2022-01-21,12509.2
678,Самара,2022-01-21,1353.6
679,Тольятти,2022-01-21,1310.4
680,Москва,2022-01-22,15346.0
681,Москва,2022-01-23,11530.0
682,Самара,2022-01-23,1353.6
683,Тольятти,2022-01-23,1310.4
684,Москва,2022-01-24,9859.6
685,Самара,2022-01-24,2707.2
686,Тольятти,2022-01-24,1310.4
687,Москва,2022-01-25,9859.6
688,Самара,2022-01-25,2707.2
689,Тольятти,2022-01-25,1310.4
690,Москва,2022-01-26,15586.4
691,Самара,2022-01-26,2707.2
692,Тольятти,2022-01-26,1310.4
693,Москва,2022-01-27,12749.6
694,Тольятти,2022-01-27,2620.8
695,Москва,2022-01-28,9239.6
696,Самара,2022-01-28,1353.6
697,Тольятти,2022-01-28,1310.4
698,Москва,2022-01-29,12749.6
699,Тольятти,2022-01-29,1310.4
700,Москва,2022-01-30,9869.6
701,Москва,2022-01-31,8545.6
702,Самара,2022-01-31,1353.6
703,Санкт-Петербург,2022-01-31,2606.4
704,Тольятти,2022-01-31,1310.4
705,Москва,2022-02-01,8650.0
706,Самара,2022-02-01,1011.44
707,Санкт-Петербург,2022-02-01,2606.4
708,Москва,2022-02-02,11441.02
709,Самара,2022-02-02,2707.2
710,Санкт-Петербург,2022-02-02,2606.4
711,Тольятти,2022-02-02,1310.4
712,Москва,2022-02-03,14420.0
713,Санкт-Петербург,2022-02-03,1399.13
714,Тольятти,2022-02-03,2620.8
715,Москва,2022-02-04,11530.0
716,Самара,2022-02-04,1353.6
717,Тольятти,2022-02-04,1310.4
718,Москва,2022-02-05,11530.0
719,Тольятти,2022-02-05,2620.8
720,Москва,2022-02-06,10090.0
721,Москва,2022-02-07,9620.0
722,Самара,2022-02-07,1353.6
723,Москва,2022-02-08,6096.8
724,Самара,2022-02-08,1353.6
725,Тольятти,2022-02-08,1310.4
726,Москва,2022-02-09,5780.0
727,Самара,2022-02-09,1353.6
728,Тольятти,2022-02-09,1310.4
729,Москва,2022-02-10,4330.0
730,Тольятти,2022-02-10,1741.74
731,Москва,2022-02-11,6078.26
732,Тольятти,2022-02-11,1310.4
733,Москва,2022-02-12,2890.0
734,Самара,2022-02-12,1353.6
735,Тольятти,2022-02-12,1310.4
736,Москва,2022-02-13,4330.0
737,Самара,2022-02-13,2897.08
738,Москва,2022-02-14,4165.0
739,Москва,2022-02-15,7570.0
740,Москва,2022-02-16,5780.0
741,Москва,2022-02-17,5780.0
742,Самара,2022-02-17,1353.6
743,Москва,2022-02-18,4519.0
744,Самара,2022-02-18,1353.6
745,Москва,2022-02-19,2900.0
746,Москва,2022-02-20,4330.0
747,Москва,2022-02-21,4330.0
748,Москва,2022-02-22,3012.0
749,Москва,2022-02-23,2890.0
750,Москва,2022-02-24,5790.0
751,Москва,2022-02-25,2890.0
752,Москва,2022-02-26,1440.0
753,Тольятти,2022-02-26,1310.4
754,Москва,2022-02-27,1440.0
755,Самара,2022-02-27,1353.6
756,Москва,2022-02-28,1440.0
757,Москва,2022-03-01,1440.0
758,Самара,2022-03-01,396.68
759,Москва,2022-03-02,1440.0
760,Москва,2022-03-03,1440.0
761,Самара,2022-03-04,1243.62
762,Тольятти,2022-03-05,1310.4
763,Самара,2022-03-07,2707.2
764,Самара,2022-03-08,1353.6
765,Самара,2022-03-09,1353.6
766,Тольятти,2022-03-13,478.5
767,Москва,2022-03-15,1595.0
768,Самара,2022-03-15,2572.78
769,Санкт-Петербург,2022-03-15,7839.28
770,Тольятти,2022-03-15,1310.4
771,Тольятти,2022-03-16,1310.4
772,Тольятти,2022-03-17,3931.2
773,Самара,2022-03-18,1353.6
774,Тольятти,2022-03-18,2620.8
775,Самара,2022-03-19,2707.2
776,Тольятти,2022-03-19,5241.6
777,Тольятти,2022-03-20,3931.2
778,Самара,2022-03-21,1548.18
779,Тольятти,2022-03-21,3931.2
780,Москва,2022-03-22,1650.0
781,Самара,2022-03-23,1353.6
782,Тольятти,2022-03-23,1310.4
783,Москва,2022-03-24,7134.0
784,Самара,2022-03-24,2673.36
785,Санкт-Петербург,2022-03-24,1379.66
786,Тольятти,2022-03-24,1284.92
787,Москва,2022-03-25,8250.0
788,Москва,2022-03-26,1650.0
789,Тольятти,2022-03-26,1310.4
790,Москва,2022-03-27,1650.0
791,Тольятти,2022-03-27,2620.8
792,Москва,2022-03-28,4950.0
793,Тольятти,2022-03-28,2620.8
794,Москва,2022-03-29,2800.0
795,Тольятти,2022-03-29,2620.8
796,Москва,2022-03-30,1650.0
797,Тольятти,2022-03-30,2620.8
798,Тольятти,2022-03-31,2620.8
799,Тольятти,2022-04-01,2620.8
800,Тольятти,2022-04-02,1310.4
801,Москва,2022-04-03,3300.0
802,Тольятти,2022-04-03,1310.4
803,Москва,2022-04-04,3300.0
804,Москва,2022-04-05,1650.0
805,Тольятти,2022-04-06,1310.4
806,Москва,2022-04-07,2800.0
807,Тольятти,2022-04-07,1310.4
808,Тольятти,2022-04-09,1310.4
809,Москва,2022-04-10,1650.0
810,Самара,2022-04-10,1353.6
811,Москва,2022-04-11,3300.0
812,Тольятти,2022-04-11,1310.4
813,Москва,2022-04-12,1650.0
814,Тольятти,2022-04-12,1310.4
815,Москва,2022-04-13,1650.0
816,Москва,2022-04-14,1650.0
817,Москва,2022-04-15,4530.0
818,Москва,2022-04-16,1650.0
819,Москва,2022-04-17,1650.0
820,Москва,2022-04-18,3300.0
821,Москва,2022-04-19,4950.0
822,Москва,2022-04-20,3300.0
823,Москва,2022-04-21,3300.0
824,Москва,2022-04-22,5858.0
825,Санкт-Петербург,2022-04-22,6100.0
826,Санкт-Петербург,2022-04-23,4950.0
827,Тольятти,2022-04-24,1628.9
