,title_ru,t_date,sum_amount
0,Москва,2020-01-27,644.0
1,Москва,2020-01-29,14.0
2,Москва,2020-02-12,3.0
3,Москва,2020-02-13,7.0
4,Москва,2020-02-14,7.4
5,Москва,2020-02-15,7.0
6,Москва,2020-02-16,3.0
7,Москва,2020-02-17,6.0
8,Москва,2020-02-18,3.0
9,Москва,2020-02-19,10.6
10,Москва,2020-02-20,5.0
11,Москва,2020-02-21,5.0
12,Москва,2020-02-22,6.8
13,Москва,2020-02-24,1600.0
14,Москва,2020-03-02,126.0
15,Москва,2020-03-03,2365.0
16,Москва,2020-03-04,1450.0
17,Москва,2020-03-05,1649.0
18,Москва,2020-03-06,1450.0
19,Москва,2020-03-07,1450.0
20,Москва,2020-03-08,1450.0
21,Москва,2020-03-11,3815.0
22,Москва,2020-03-12,3410.0
23,Москва,2020-03-13,2900.0
24,Москва,2020-03-14,3497.0
25,Москва,2020-03-15,1450.0
26,Москва,2020-03-16,2957.0
27,Москва,2020-03-17,2900.0
28,Москва,2020-03-18,2900.0
29,Москва,2020-03-19,2900.0
30,Москва,2020-03-20,2972.0
31,Москва,2020-03-21,1450.0
32,Москва,2020-03-22,1450.0
33,Москва,2020-03-23,1499.0
34,Москва,2020-03-24,1471.0
35,Москва,2020-03-25,1450.0
36,Москва,2020-03-26,1450.0
37,Москва,2020-03-27,1450.0
38,Москва,2020-03-28,1450.0
39,Москва,2020-03-29,1464.0
40,Москва,2020-03-30,1450.0
41,Москва,2020-04-01,1307.0
42,Москва,2020-04-02,1050.0
43,Москва,2020-04-03,1457.0
44,Москва,2020-04-04,853.0
45,Москва,2020-04-05,1450.0
46,Москва,2020-04-06,1450.0
47,Москва,2020-05-14,10.0
48,Москва,2020-06-15,1765.0
49,Санкт-Петербург,2020-06-15,9.0
50,Санкт-Петербург,2020-06-16,1200.0
51,Москва,2020-06-16,45.0
52,Санкт-Петербург,2020-06-17,1356.0
53,Москва,2020-06-17,1720.0
54,Санкт-Петербург,2020-06-18,1200.0
55,Москва,2020-06-18,3530.0
56,Санкт-Петербург,2020-06-19,1200.0
57,Москва,2020-06-19,3530.0
58,Санкт-Петербург,2020-06-20,1200.0
59,Москва,2020-06-20,3649.0
60,Санкт-Петербург,2020-06-21,1200.0
61,Москва,2020-06-21,3530.0
62,Санкт-Петербург,2020-06-22,1200.0
63,Москва,2020-06-22,4209.0
64,Санкт-Петербург,2020-06-23,1200.0
65,Москва,2020-06-23,3530.0
66,Санкт-Петербург,2020-06-24,1200.0
67,Москва,2020-06-24,3578.0
68,Санкт-Петербург,2020-06-25,1200.0
69,Москва,2020-06-25,1765.0
70,Санкт-Петербург,2020-06-26,1200.0
71,Москва,2020-06-26,1786.0
72,Москва,2020-06-27,1765.0
73,Санкт-Петербург,2020-06-27,1200.0
74,Санкт-Петербург,2020-06-28,1200.0
75,Москва,2020-06-28,1765.0
76,Москва,2020-06-29,1765.0
77,Санкт-Петербург,2020-06-29,1200.0
78,Санкт-Петербург,2020-06-30,1200.0
79,Москва,2020-06-30,1807.0
80,Москва,2020-07-01,2118.0
81,Санкт-Петербург,2020-07-01,2759.0
82,Москва,2020-07-02,3530.0
83,Санкт-Петербург,2020-07-02,1200.0
84,Москва,2020-07-03,5295.0
85,Санкт-Петербург,2020-07-03,1200.0
86,Москва,2020-07-04,5295.0
87,Санкт-Петербург,2020-07-04,1200.0
88,Санкт-Петербург,2020-07-05,1200.0
89,Москва,2020-07-05,3532.0
90,Санкт-Петербург,2020-07-06,2400.0
91,Москва,2020-07-06,3530.0
92,Санкт-Петербург,2020-07-07,3600.0
93,Москва,2020-07-07,7060.0
94,Санкт-Петербург,2020-07-08,3679.0
95,Москва,2020-07-08,5295.0
96,Санкт-Петербург,2020-07-09,3610.0
97,Москва,2020-07-09,5311.0
98,Москва,2020-07-10,2017.0
99,Санкт-Петербург,2020-07-10,2240.0
100,Москва,2020-07-12,3562.35
101,Санкт-Петербург,2020-07-13,9596.2
102,Москва,2020-07-13,21169.84
103,Санкт-Петербург,2020-07-14,1469.0
104,Москва,2020-07-14,9.3
105,Санкт-Петербург,2020-07-15,4497.82
106,Москва,2020-07-15,26577.85
107,Санкт-Петербург,2020-07-16,1470.84
108,Москва,2020-07-16,6.6
109,Санкт-Петербург,2020-07-17,5876.02
110,Москва,2020-07-17,13267.55
111,Санкт-Петербург,2020-07-18,4409.46
112,Москва,2020-07-18,8256.54
113,Санкт-Петербург,2020-07-19,5364.18
114,Москва,2020-07-19,11547.89
115,Санкт-Петербург,2020-07-20,2998.8
116,Москва,2020-07-20,15385.56
117,Москва,2020-07-21,18235.02
118,Санкт-Петербург,2020-07-21,4417.62
119,Санкт-Петербург,2020-07-22,4414.56
120,Москва,2020-07-22,13733.39
121,Санкт-Петербург,2020-07-23,8580.64
122,Москва,2020-07-23,17448.82
123,Москва,2020-07-24,17336.45
124,Санкт-Петербург,2020-07-24,1494.1
125,Москва,2020-07-25,24391.53
126,Санкт-Петербург,2020-07-25,5891.32
127,Санкт-Петербург,2020-07-26,5877.24
128,Москва,2020-07-26,19998.34
129,Москва,2020-07-27,22441.25
130,Санкт-Петербург,2020-07-27,5887.44
131,Москва,2020-07-28,3846.65
132,Санкт-Петербург,2020-07-28,5318.7
133,Санкт-Петербург,2020-07-29,5727.5
134,Москва,2020-07-29,10557.3
135,Москва,2020-07-30,51712.06
136,Санкт-Петербург,2020-07-30,20760.27
137,Москва,2020-07-31,54355.24
138,Санкт-Петербург,2020-07-31,2962.55
139,Санкт-Петербург,2020-08-01,10189.93
140,Москва,2020-08-01,28116.22
141,Москва,2020-08-02,30212.45
142,Санкт-Петербург,2020-08-02,9745.11
143,Санкт-Петербург,2020-08-03,10506.13
144,Москва,2020-08-03,32450.38
145,Москва,2020-08-04,38107.76
146,Санкт-Петербург,2020-08-04,8827.86
147,Санкт-Петербург,2020-08-05,11510.38
148,Москва,2020-08-05,43819.37
149,Санкт-Петербург,2020-08-06,17864.73
150,Москва,2020-08-06,30607.8
151,Санкт-Петербург,2020-08-07,16920.14
152,Москва,2020-08-07,27110.86
153,Санкт-Петербург,2020-08-08,11760.34
154,Москва,2020-08-08,27113.85
155,Санкт-Петербург,2020-08-09,14082.78
156,Москва,2020-08-09,27100.37
157,Москва,2020-08-10,42002.77
158,Санкт-Петербург,2020-08-10,12627.5
159,Санкт-Петербург,2020-08-11,18187.04
160,Москва,2020-08-11,28523.31
161,Москва,2020-08-12,24815.39
162,Санкт-Петербург,2020-08-12,35104.69
163,Москва,2020-08-13,39829.58
164,Санкт-Петербург,2020-08-13,33721.28
165,Санкт-Петербург,2020-08-14,19377.3
166,Москва,2020-08-14,64144.03
167,Санкт-Петербург,2020-08-15,23723.48
168,Москва,2020-08-15,25217.95
169,Санкт-Петербург,2020-08-16,25180.54
170,Москва,2020-08-16,32579.97
171,Санкт-Петербург,2020-08-17,35141.48
172,Москва,2020-08-17,60096.32
173,Санкт-Петербург,2020-08-18,22862.6
174,Москва,2020-08-18,62006.02
175,Санкт-Петербург,2020-08-19,35811.57
176,Москва,2020-08-19,42813.9
177,Санкт-Петербург,2020-08-20,34503.28
178,Москва,2020-08-20,55453.57
179,Санкт-Петербург,2020-08-21,38534.45
180,Москва,2020-08-21,49726.16
181,Санкт-Петербург,2020-08-22,31632.63
182,Москва,2020-08-22,48886.44
183,Санкт-Петербург,2020-08-23,32989.27
184,Москва,2020-08-23,47558.6
185,Санкт-Петербург,2020-08-24,39630.01
186,Москва,2020-08-24,55669.62
187,Санкт-Петербург,2020-08-25,38984.13
188,Москва,2020-08-25,41415.09
189,Санкт-Петербург,2020-08-26,38940.39
190,Москва,2020-08-26,38985.63
191,Москва,2020-08-27,39520.01
192,Санкт-Петербург,2020-08-27,40664.11
193,Москва,2020-08-28,44537.64
194,Санкт-Петербург,2020-08-28,41190.13
195,Москва,2020-08-29,38184.57
196,Санкт-Петербург,2020-08-29,39941.52
197,Москва,2020-08-30,43329.45
198,Санкт-Петербург,2020-08-30,41176.85
199,Санкт-Петербург,2020-08-31,58731.6
200,Москва,2020-08-31,47722.56
201,Москва,2020-09-01,54198.37
202,Санкт-Петербург,2020-09-01,44285.97
203,Санкт-Петербург,2020-09-02,69058.16
204,Москва,2020-09-02,50216.96
205,Москва,2020-09-03,50619.48
206,Санкт-Петербург,2020-09-03,56725.77
207,Санкт-Петербург,2020-09-04,77579.83
208,Москва,2020-09-04,52421.45
209,Москва,2020-09-05,48589.53
210,Санкт-Петербург,2020-09-05,67859.95
211,Москва,2020-09-06,56181.05
212,Санкт-Петербург,2020-09-06,81898.92
213,Москва,2020-09-07,74236.66
214,Санкт-Петербург,2020-09-07,86636.87
215,Санкт-Петербург,2020-09-08,82542.66
216,Москва,2020-09-08,74030.61
217,Санкт-Петербург,2020-09-09,76807.29
218,Москва,2020-09-09,70717.6
219,Москва,2020-09-10,71235.74
220,Санкт-Петербург,2020-09-10,89589.83
221,Санкт-Петербург,2020-09-11,87452.88
222,Москва,2020-09-11,93385.8
223,Санкт-Петербург,2020-09-12,85569.71
224,Москва,2020-09-12,75592.52
225,Санкт-Петербург,2020-09-13,85224.16
226,Москва,2020-09-13,84005.48
227,Санкт-Петербург,2020-09-14,94008.63
228,Москва,2020-09-14,95834.72
229,Санкт-Петербург,2020-09-15,87729.26
230,Москва,2020-09-15,95972.86
231,Санкт-Петербург,2020-09-16,89509.57
232,Москва,2020-09-16,89312.08
233,Санкт-Петербург,2020-09-17,85799.63
234,Москва,2020-09-17,106520.26
235,Санкт-Петербург,2020-09-18,87638.46
236,Москва,2020-09-18,98275.02
237,Москва,2020-09-19,81633.16
238,Санкт-Петербург,2020-09-19,84441.69
239,Санкт-Петербург,2020-09-20,87624.62
240,Москва,2020-09-20,85039.16
241,Санкт-Петербург,2020-09-21,99744.6
242,Москва,2020-09-21,99611.46
243,Санкт-Петербург,2020-09-22,88687.5
244,Москва,2020-09-22,102225.1
245,Санкт-Петербург,2020-09-23,77918.01
246,Москва,2020-09-23,87848.04
247,Санкт-Петербург,2020-09-24,77887.71
248,Москва,2020-09-24,101284.54
249,Москва,2020-09-25,101788.82
250,Санкт-Петербург,2020-09-25,85130.84
251,Санкт-Петербург,2020-09-26,77899.72
252,Москва,2020-09-26,95700.38
253,Санкт-Петербург,2020-09-27,82782.73
254,Москва,2020-09-27,101214.22
255,Санкт-Петербург,2020-09-28,84459.34
256,Самара,2020-09-28,2500.0
257,Москва,2020-09-28,111171.12
258,Санкт-Петербург,2020-09-29,82399.36
259,Москва,2020-09-29,117072.32
260,Москва,2020-09-30,107548.41
261,Санкт-Петербург,2020-09-30,81539.53
262,Самара,2020-09-30,2453.6
263,Москва,2020-10-01,105966.36
264,Санкт-Петербург,2020-10-01,73470.03
265,Самара,2020-10-01,2476.8
266,Самара,2020-10-02,2476.8
267,Санкт-Петербург,2020-10-02,87818.33
268,Москва,2020-10-02,115085.68
269,Москва,2020-10-03,108197.44
270,Самара,2020-10-03,2476.8
271,Санкт-Петербург,2020-10-03,73179.38
272,Самара,2020-10-04,2476.8
273,Санкт-Петербург,2020-10-04,78389.0
274,Москва,2020-10-04,109064.78
275,Москва,2020-10-05,120592.56
276,Санкт-Петербург,2020-10-05,87008.34
277,Самара,2020-10-05,2476.8
278,Москва,2020-10-06,119426.32
279,Самара,2020-10-06,2476.8
280,Санкт-Петербург,2020-10-06,74216.21
281,Санкт-Петербург,2020-10-07,84827.57
282,Самара,2020-10-07,2476.8
283,Москва,2020-10-07,127609.26
284,Тольятти,2020-10-07,3942.0
285,Москва,2020-10-08,132566.64
286,Санкт-Петербург,2020-10-08,80945.9
287,Самара,2020-10-08,2476.8
288,Тольятти,2020-10-08,29.38
289,Москва,2020-10-09,127455.84
290,Санкт-Петербург,2020-10-09,80790.34
291,Самара,2020-10-09,2477.66
292,Тольятти,2020-10-09,3931.2
293,Санкт-Петербург,2020-10-10,79757.09
294,Самара,2020-10-10,2476.8
295,Москва,2020-10-10,106125.84
296,Тольятти,2020-10-10,3931.2
297,Москва,2020-10-11,101762.08
298,Санкт-Петербург,2020-10-11,85618.27
299,Самара,2020-10-11,2476.8
300,Тольятти,2020-10-11,3931.2
301,Москва,2020-10-12,117786.8
302,Тольятти,2020-10-12,3632.72
303,Санкт-Петербург,2020-10-12,91718.85
304,Самара,2020-10-12,2476.8
305,Москва,2020-10-13,116592.06
306,Самара,2020-10-13,2476.8
307,Санкт-Петербург,2020-10-13,77555.85
308,Тольятти,2020-10-13,2620.8
309,Самара,2020-10-14,3701.0
310,Москва,2020-10-14,103093.76
311,Санкт-Петербург,2020-10-14,72653.02
312,Тольятти,2020-10-14,2620.8
313,Москва,2020-10-15,124539.26
314,Санкт-Петербург,2020-10-15,78077.95
315,Самара,2020-10-15,1238.4
316,Тольятти,2020-10-15,2620.8
317,Москва,2020-10-16,108069.68
318,Санкт-Петербург,2020-10-16,79900.36
319,Самара,2020-10-16,2465.2
320,Тольятти,2020-10-16,1310.4
321,Москва,2020-10-17,101417.8
322,Санкт-Петербург,2020-10-17,70432.54
323,Самара,2020-10-17,2476.8
324,Тольятти,2020-10-17,2620.8
325,Москва,2020-10-18,104609.0
326,Самара,2020-10-18,2476.8
327,Санкт-Петербург,2020-10-18,76139.97
328,Тольятти,2020-10-18,2620.8
329,Санкт-Петербург,2020-10-19,90420.19
330,Москва,2020-10-19,152435.74
331,Самара,2020-10-19,2476.8
332,Тольятти,2020-10-19,2620.8
333,Санкт-Петербург,2020-10-20,73789.39
334,Москва,2020-10-20,125391.2
335,Самара,2020-10-20,2476.8
336,Тольятти,2020-10-20,2620.8
337,Москва,2020-10-21,124653.62
338,Санкт-Петербург,2020-10-21,91234.11
339,Самара,2020-10-21,2476.8
340,Тольятти,2020-10-21,5343.13
341,Москва,2020-10-22,126613.56
342,Самара,2020-10-22,2476.8
343,Санкт-Петербург,2020-10-22,78899.91
344,Тольятти,2020-10-22,1320.8
345,Москва,2020-10-23,123356.52
346,Санкт-Петербург,2020-10-23,88408.5
347,Самара,2020-10-23,2476.8
348,Тольятти,2020-10-23,2620.8
349,Москва,2020-10-24,115485.28
350,Санкт-Петербург,2020-10-24,77752.74
351,Самара,2020-10-24,2477.66
352,Тольятти,2020-10-24,2620.8
353,Москва,2020-10-25,116982.08
354,Санкт-Петербург,2020-10-25,86252.73
355,Самара,2020-10-25,2476.8
356,Тольятти,2020-10-25,2620.8
357,Санкт-Петербург,2020-10-26,89843.66
358,Москва,2020-10-26,123701.36
359,Самара,2020-10-26,2381.34
360,Тольятти,2020-10-26,2620.8
361,Москва,2020-10-27,117474.76
362,Санкт-Петербург,2020-10-27,78677.14
363,Самара,2020-10-27,1238.4
364,Тольятти,2020-10-27,2620.8
365,Москва,2020-10-28,124235.66
366,Санкт-Петербург,2020-10-28,79366.92
367,Самара,2020-10-28,1238.4
368,Тольятти,2020-10-28,2620.8
369,Санкт-Петербург,2020-10-29,100864.74
370,Москва,2020-10-29,144006.84
371,Самара,2020-10-29,1238.4
372,Тольятти,2020-10-29,2620.8
373,Москва,2020-10-30,124124.64
374,Санкт-Петербург,2020-10-30,87998.36
375,Самара,2020-10-30,2488.4
376,Тольятти,2020-10-30,2620.8
377,Москва,2020-10-31,102499.56
378,Санкт-Петербург,2020-10-31,82418.68
379,Самара,2020-10-31,1238.4
380,Тольятти,2020-10-31,2620.8
381,Санкт-Петербург,2020-11-01,85484.66
382,Москва,2020-11-01,104622.0
383,Самара,2020-11-01,2465.2
384,Тольятти,2020-11-01,2620.8
385,Санкт-Петербург,2020-11-02,92808.52
386,Москва,2020-11-02,152654.84
387,Самара,2020-11-02,2476.8
388,Тольятти,2020-11-02,2510.4
389,Москва,2020-11-03,115267.82
390,Санкт-Петербург,2020-11-03,93936.69
391,Самара,2020-11-03,2476.8
392,Тольятти,2020-11-03,3730.4
393,Санкт-Петербург,2020-11-04,78124.39
394,Москва,2020-11-04,102640.28
395,Тольятти,2020-11-04,3841.72
396,Самара,2020-11-04,2476.8
397,Москва,2020-11-05,146703.74
398,Санкт-Петербург,2020-11-05,84761.21
399,Самара,2020-11-05,2476.8
400,Тольятти,2020-11-05,5030.4
401,Москва,2020-11-06,129155.84
402,Санкт-Петербург,2020-11-06,80568.98
403,Самара,2020-11-06,2476.8
404,Тольятти,2020-11-06,3834.96
405,Москва,2020-11-07,104635.48
406,Санкт-Петербург,2020-11-07,76233.19
407,Самара,2020-11-07,2476.8
408,Тольятти,2020-11-07,3830.4
409,Санкт-Петербург,2020-11-08,70691.73
410,Самара,2020-11-08,2476.8
411,Москва,2020-11-08,100335.44
412,Тольятти,2020-11-08,3830.4
413,Санкт-Петербург,2020-11-09,79910.55
414,Москва,2020-11-09,151746.4
415,Самара,2020-11-09,2476.8
416,Тольятти,2020-11-09,7324.4
417,Москва,2020-11-10,111538.6
418,Санкт-Петербург,2020-11-10,53478.27
419,Тольятти,2020-11-10,3589.39
420,Самара,2020-11-10,1344.18
421,Москва,2020-11-11,99180.68
422,Тольятти,2020-11-11,5028.08
423,Санкт-Петербург,2020-11-11,68553.14
424,Самара,2020-11-11,2481.96
425,Санкт-Петербург,2020-11-12,76646.99
426,Тольятти,2020-11-12,7335.72
427,Москва,2020-11-12,112856.14
428,Самара,2020-11-12,2476.8
429,Москва,2020-11-13,115720.24
430,Самара,2020-11-13,2206.76
431,Тольятти,2020-11-13,7357.56
432,Санкт-Петербург,2020-11-13,80922.9
433,Санкт-Петербург,2020-11-14,74831.72
434,Москва,2020-11-14,100370.2
435,Тольятти,2020-11-14,3738.36
436,Самара,2020-11-14,1238.4
437,Тольятти,2020-11-15,8570.52
438,Самара,2020-11-15,2488.4
439,Москва,2020-11-15,93498.44
440,Санкт-Петербург,2020-11-15,74067.49
441,Тольятти,2020-11-16,11215.4
442,Санкт-Петербург,2020-11-16,89223.06
443,Москва,2020-11-16,127109.16
444,Самара,2020-11-16,3781.84
445,Тольятти,2020-11-17,13237.08
446,Самара,2020-11-17,1226.8
447,Санкт-Петербург,2020-11-17,74550.94
448,Москва,2020-11-17,193531.78
449,Москва,2020-11-18,110815.92
450,Тольятти,2020-11-18,10135.2
451,Самара,2020-11-18,2465.2
452,Санкт-Петербург,2020-11-18,75755.0
453,Москва,2020-11-19,119670.8
454,Тольятти,2020-11-19,12388.8
455,Самара,2020-11-19,2476.8
456,Санкт-Петербург,2020-11-19,80656.61
457,Тольятти,2020-11-20,14558.04
458,Москва,2020-11-20,117319.02
459,Самара,2020-11-20,2476.8
460,Санкт-Петербург,2020-11-20,74695.25
461,Тольятти,2020-11-21,13708.8
462,Самара,2020-11-21,2476.8
463,Санкт-Петербург,2020-11-21,69491.91
464,Москва,2020-11-21,104792.68
465,Тольятти,2020-11-22,13715.04
466,Самара,2020-11-22,2476.8
467,Санкт-Петербург,2020-11-22,73440.11
468,Москва,2020-11-22,115151.4
469,Тольятти,2020-11-23,13738.2
470,Москва,2020-11-23,157372.88
471,Самара,2020-11-23,2476.8
472,Санкт-Петербург,2020-11-23,84246.59
473,Тольятти,2020-11-24,21187.33
474,Самара,2020-11-24,2476.8
475,Москва,2020-11-24,107105.4
476,Санкт-Петербург,2020-11-24,78083.18
477,Москва,2020-11-25,123088.84
478,Тольятти,2020-11-25,12508.8
479,Самара,2020-11-25,2476.8
480,Санкт-Петербург,2020-11-25,81062.04
481,Москва,2020-11-26,120363.84
482,Тольятти,2020-11-26,12528.03
483,Самара,2020-11-26,2477.66
484,Санкт-Петербург,2020-11-26,79660.37
485,Москва,2020-11-27,129798.02
486,Санкт-Петербург,2020-11-27,77989.05
487,Тольятти,2020-11-27,17810.51
488,Самара,2020-11-27,2476.8
489,Санкт-Петербург,2020-11-28,82799.19
490,Москва,2020-11-28,115951.14
491,Тольятти,2020-11-28,13662.71
492,Самара,2020-11-28,2477.66
493,Тольятти,2020-11-29,14249.28
494,Москва,2020-11-29,120603.6
495,Самара,2020-11-29,2476.8
496,Санкт-Петербург,2020-11-29,83590.09
497,Москва,2020-11-30,134865.38
498,Тольятти,2020-11-30,20698.31
499,Санкт-Петербург,2020-11-30,81435.91
500,Самара,2020-11-30,2476.8
501,Тольятти,2020-12-01,13935.0
502,Санкт-Петербург,2020-12-01,81094.97
503,Самара,2020-12-01,2476.8
504,Москва,2020-12-01,137862.6
505,Тольятти,2020-12-02,22584.03
506,Москва,2020-12-02,121886.4
507,Самара,2020-12-02,2563.66
508,Санкт-Петербург,2020-12-02,74506.74
509,Тольятти,2020-12-03,22447.33
510,Москва,2020-12-03,129668.0
511,Санкт-Петербург,2020-12-03,78962.0
512,Самара,2020-12-03,1238.4
513,Тольятти,2020-12-04,25181.63
514,Москва,2020-12-04,129111.2
515,Самара,2020-12-04,2488.4
516,Санкт-Петербург,2020-12-04,72557.15
517,Москва,2020-12-05,106952.32
518,Тольятти,2020-12-05,21168.91
519,Санкт-Петербург,2020-12-05,79195.67
520,Самара,2020-12-05,1238.4
521,Самара,2020-12-06,2312.98
522,Тольятти,2020-12-06,21136.12
523,Москва,2020-12-06,118630.6
524,Санкт-Петербург,2020-12-06,78254.32
525,Тольятти,2020-12-07,25979.48
526,Москва,2020-12-07,141743.44
527,Санкт-Петербург,2020-12-07,80495.24
528,Самара,2020-12-07,1238.4
529,Москва,2020-12-08,137233.4
530,Тольятти,2020-12-08,24690.04
531,Санкт-Петербург,2020-12-08,83853.44
532,Самара,2020-12-08,1238.4
533,Тольятти,2020-12-09,23738.92
534,Санкт-Петербург,2020-12-09,78679.54
535,Москва,2020-12-09,106907.6
536,Самара,2020-12-09,1238.4
537,Москва,2020-12-10,122940.36
538,Тольятти,2020-12-10,30973.44
539,Санкт-Петербург,2020-12-10,77157.4
540,Самара,2020-12-10,1238.4
541,Москва,2020-12-11,121310.94
542,Тольятти,2020-12-11,26357.12
543,Санкт-Петербург,2020-12-11,82873.31
544,Самара,2020-12-11,1238.4
545,Москва,2020-12-12,109011.24
546,Тольятти,2020-12-12,27212.51
547,Санкт-Петербург,2020-12-12,72897.74
548,Самара,2020-12-12,1238.4
549,Санкт-Петербург,2020-12-13,72337.58
550,Москва,2020-12-13,116246.2
551,Тольятти,2020-12-13,23589.93
552,Самара,2020-12-13,1238.4
553,Санкт-Петербург,2020-12-14,72459.53
554,Тольятти,2020-12-14,28849.79
555,Москва,2020-12-14,126340.44
556,Самара,2020-12-14,2488.4
557,Санкт-Петербург,2020-12-15,74430.17
558,Москва,2020-12-15,144974.16
559,Тольятти,2020-12-15,20918.52
560,Самара,2020-12-15,1238.4
561,Санкт-Петербург,2020-12-16,71106.31
562,Тольятти,2020-12-16,33527.39
563,Москва,2020-12-16,120193.44
564,Самара,2020-12-16,2465.2
565,Санкт-Петербург,2020-12-17,78021.64
566,Москва,2020-12-17,118759.52
567,Тольятти,2020-12-17,24900.59
568,Самара,2020-12-17,3713.9
569,Тольятти,2020-12-18,59914.61
570,Санкт-Петербург,2020-12-18,85975.27
571,Москва,2020-12-18,136144.88
572,Самара,2020-12-18,1238.4
573,Санкт-Петербург,2020-12-19,72906.16
574,Москва,2020-12-19,106230.64
575,Тольятти,2020-12-19,29275.47
576,Самара,2020-12-19,1238.4
577,Санкт-Петербург,2020-12-20,83855.06
578,Тольятти,2020-12-20,31416.01
579,Москва,2020-12-20,121004.08
580,Самара,2020-12-20,2453.6
581,Москва,2020-12-21,121547.12
582,Санкт-Петербург,2020-12-21,86699.02
583,Тольятти,2020-12-21,35786.74
584,Самара,2020-12-21,2476.8
585,Санкт-Петербург,2020-12-22,82419.5
586,Москва,2020-12-22,131638.6
587,Тольятти,2020-12-22,33640.64
588,Самара,2020-12-22,2476.8
589,Москва,2020-12-23,152199.62
590,Санкт-Петербург,2020-12-23,86068.17
591,Тольятти,2020-12-23,41056.28
592,Самара,2020-12-23,2476.8
593,Москва,2020-12-24,139323.4
594,Санкт-Петербург,2020-12-24,95950.91
595,Тольятти,2020-12-24,48966.31
596,Самара,2020-12-24,2476.8
597,Москва,2020-12-25,135758.8
598,Санкт-Петербург,2020-12-25,94215.44
599,Тольятти,2020-12-25,33873.8
600,Самара,2020-12-25,2477.66
601,Москва,2020-12-26,122007.8
602,Санкт-Петербург,2020-12-26,89359.46
603,Тольятти,2020-12-26,38401.1
604,Самара,2020-12-26,2476.8
605,Москва,2020-12-27,133733.0
606,Санкт-Петербург,2020-12-27,91125.67
607,Тольятти,2020-12-27,30923.28
608,Самара,2020-12-27,2476.8
609,Москва,2020-12-28,138251.02
610,Санкт-Петербург,2020-12-28,99715.52
611,Тольятти,2020-12-28,42113.75
612,Самара,2020-12-28,2476.8
613,Москва,2020-12-29,125756.22
614,Санкт-Петербург,2020-12-29,92794.93
615,Тольятти,2020-12-29,30096.61
616,Самара,2020-12-29,2476.8
617,Тольятти,2020-12-30,47978.35
618,Москва,2020-12-30,136878.92
619,Самара,2020-12-30,2476.8
620,Санкт-Петербург,2020-12-30,88608.76
621,Санкт-Петербург,2020-12-31,82643.23
622,Москва,2020-12-31,112498.6
623,Тольятти,2020-12-31,37901.18
624,Самара,2020-12-31,2307.38
625,Санкт-Петербург,2021-01-01,147106.33
626,Москва,2021-01-01,104538.68
627,Тольятти,2021-01-01,32447.52
628,Самара,2021-01-01,1238.4
629,Москва,2021-01-02,85537.6
630,Тольятти,2021-01-02,37212.96
631,Санкт-Петербург,2021-01-02,24770.22
632,Самара,2021-01-02,1238.4
633,Москва,2021-01-03,96492.03
634,Санкт-Петербург,2021-01-03,66563.56
635,Тольятти,2021-01-03,31328.16
636,Самара,2021-01-03,1238.4
637,Тольятти,2021-01-04,36080.71
638,Москва,2021-01-04,86900.99
639,Санкт-Петербург,2021-01-04,63422.27
640,Самара,2021-01-04,2488.4
641,Москва,2021-01-05,105316.75
642,Санкт-Петербург,2021-01-05,65219.61
643,Тольятти,2021-01-05,28800.96
644,Самара,2021-01-05,1238.4
645,Москва,2021-01-06,91418.19
646,Санкт-Петербург,2021-01-06,59518.44
647,Тольятти,2021-01-06,36187.2
648,Самара,2021-01-06,2465.2
649,Тольятти,2021-01-07,33856.02
650,Москва,2021-01-07,86060.82
651,Санкт-Петербург,2021-01-07,59693.4
652,Самара,2021-01-07,2476.8
653,Москва,2021-01-08,87641.67
654,Тольятти,2021-01-08,31167.62
655,Санкт-Петербург,2021-01-08,59793.91
656,Самара,2021-01-08,2476.8
657,Москва,2021-01-09,87138.48
658,Санкт-Петербург,2021-01-09,66148.69
659,Тольятти,2021-01-09,31076.28
660,Самара,2021-01-09,2686.64
661,Москва,2021-01-10,83159.63
662,Санкт-Петербург,2021-01-10,60263.39
663,Тольятти,2021-01-10,29669.16
664,Самара,2021-01-10,1238.4
665,Москва,2021-01-11,144381.48
666,Санкт-Петербург,2021-01-11,136531.32
667,Тольятти,2021-01-11,33137.95
668,Самара,2021-01-11,2488.4
669,Тольятти,2021-01-12,51490.76
670,Москва,2021-01-12,92664.0
671,Санкт-Петербург,2021-01-12,5674.2
672,Самара,2021-01-12,1238.4
673,Москва,2021-01-13,104207.84
674,Тольятти,2021-01-13,42540.94
675,Санкт-Петербург,2021-01-13,75235.76
676,Самара,2021-01-13,2465.2
677,Москва,2021-01-14,121586.4
678,Санкт-Петербург,2021-01-14,77956.81
679,Тольятти,2021-01-14,35894.96
680,Самара,2021-01-14,2476.8
681,Москва,2021-01-15,110091.0
682,Санкт-Петербург,2021-01-15,80977.23
683,Тольятти,2021-01-15,36086.02
684,Самара,2021-01-15,2476.8
685,Тольятти,2021-01-16,34219.8
686,Москва,2021-01-16,109580.6
687,Санкт-Петербург,2021-01-16,79379.19
688,Самара,2021-01-16,2476.8
689,Москва,2021-01-17,131179.64
690,Санкт-Петербург,2021-01-17,79112.29
691,Тольятти,2021-01-17,34558.7
692,Самара,2021-01-17,2477.66
693,Москва,2021-01-18,136146.0
694,Санкт-Петербург,2021-01-18,77564.83
695,Тольятти,2021-01-18,44631.16
696,Самара,2021-01-18,2476.8
697,Москва,2021-01-19,112829.46
698,Тольятти,2021-01-19,42039.49
699,Санкт-Петербург,2021-01-19,83277.75
700,Самара,2021-01-19,2476.8
701,Москва,2021-01-20,137334.82
702,Санкт-Петербург,2021-01-20,84417.29
703,Тольятти,2021-01-20,46407.11
704,Самара,2021-01-20,2477.66
705,Москва,2021-01-21,118666.52
706,Санкт-Петербург,2021-01-21,84429.16
707,Тольятти,2021-01-21,43477.88
708,Самара,2021-01-21,2476.8
709,Москва,2021-01-22,165536.82
710,Санкт-Петербург,2021-01-22,81950.27
711,Тольятти,2021-01-22,38563.08
712,Самара,2021-01-22,2476.8
713,Москва,2021-01-23,110496.66
714,Тольятти,2021-01-23,39418.8
715,Самара,2021-01-23,2476.8
716,Санкт-Петербург,2021-01-23,82143.88
717,Москва,2021-01-24,129539.04
718,Тольятти,2021-01-24,37517.64
719,Самара,2021-01-24,2476.8
720,Санкт-Петербург,2021-01-24,82411.66
721,Москва,2021-01-25,204140.92
722,Санкт-Петербург,2021-01-25,82754.93
723,Тольятти,2021-01-25,46173.68
724,Самара,2021-01-25,2476.8
725,Тольятти,2021-01-26,50912.43
726,Санкт-Петербург,2021-01-26,78687.55
727,Москва,2021-01-26,135070.12
728,Самара,2021-01-26,2476.8
729,Санкт-Петербург,2021-01-27,87607.56
730,Москва,2021-01-27,142840.32
731,Тольятти,2021-01-27,42350.95
732,Самара,2021-01-27,2476.8
733,Тольятти,2021-01-28,39376.75
734,Санкт-Петербург,2021-01-28,78422.6
735,Москва,2021-01-28,124247.08
736,Самара,2021-01-28,2476.8
737,Тольятти,2021-01-29,49733.11
738,Санкт-Петербург,2021-01-29,88470.64
739,Москва,2021-01-29,156856.08
740,Самара,2021-01-29,2476.8
741,Санкт-Петербург,2021-01-30,85905.73
742,Москва,2021-01-30,128746.24
743,Тольятти,2021-01-30,37399.64
744,Самара,2021-01-30,2476.8
745,Москва,2021-01-31,136012.32
746,Санкт-Петербург,2021-01-31,82899.64
747,Тольятти,2021-01-31,45468.46
748,Самара,2021-01-31,2476.8
749,Москва,2021-02-01,174048.84
750,Санкт-Петербург,2021-02-01,80621.16
751,Тольятти,2021-02-01,54678.95
752,Самара,2021-02-01,2476.8
753,Санкт-Петербург,2021-02-02,87931.95
754,Москва,2021-02-02,140214.68
755,Тольятти,2021-02-02,52438.89
756,Самара,2021-02-02,2476.8
757,Тольятти,2021-02-03,53369.75
758,Москва,2021-02-03,138943.2
759,Санкт-Петербург,2021-02-03,75837.46
760,Самара,2021-02-03,2476.8
761,Тольятти,2021-02-04,57362.33
762,Москва,2021-02-04,151492.6
763,Санкт-Петербург,2021-02-04,105210.76
764,Самара,2021-02-04,2476.8
765,Москва,2021-02-05,149040.84
766,Тольятти,2021-02-05,48962.22
767,Санкт-Петербург,2021-02-05,85654.04
768,Самара,2021-02-05,4976.8
769,Москва,2021-02-06,125355.88
770,Тольятти,2021-02-06,46871.97
771,Санкт-Петербург,2021-02-06,79798.96
772,Самара,2021-02-06,2476.8
773,Москва,2021-02-07,139676.72
774,Тольятти,2021-02-07,44309.14
775,Санкт-Петербург,2021-02-07,97280.38
776,Самара,2021-02-07,4926.1
777,Тольятти,2021-02-08,58433.22
778,Москва,2021-02-08,181179.68
779,Санкт-Петербург,2021-02-08,96202.85
780,Самара,2021-02-08,6203.6
781,Тольятти,2021-02-09,61184.96
782,Москва,2021-02-09,143986.84
783,Санкт-Петербург,2021-02-09,81620.53
784,Самара,2021-02-09,9954.46
785,Москва,2021-02-10,151376.48
786,Санкт-Петербург,2021-02-10,93270.7
787,Тольятти,2021-02-10,59156.48
788,Самара,2021-02-10,6180.4
789,Москва,2021-02-11,142986.04
790,Санкт-Петербург,2021-02-11,94124.54
791,Тольятти,2021-02-11,48200.31
792,Самара,2021-02-11,11089.3
793,Москва,2021-02-12,131593.48
794,Санкт-Петербург,2021-02-12,91292.0
795,Тольятти,2021-02-12,62430.18
796,Самара,2021-02-12,12395.6
797,Москва,2021-02-13,111904.0
798,Тольятти,2021-02-13,46406.88
799,Санкт-Петербург,2021-02-13,88702.76
800,Самара,2021-02-13,9896.46
801,Москва,2021-02-14,129505.44
802,Санкт-Петербург,2021-02-14,89731.96
803,Тольятти,2021-02-14,37833.28
804,Самара,2021-02-14,11145.6
805,Москва,2021-02-15,187422.3
806,Тольятти,2021-02-15,69071.38
807,Санкт-Петербург,2021-02-15,94276.83
808,Самара,2021-02-15,11131.42
809,Санкт-Петербург,2021-02-16,99299.02
810,Тольятти,2021-02-16,50262.25
811,Москва,2021-02-16,164909.88
812,Самара,2021-02-16,13533.8
813,Тольятти,2021-02-17,55562.76
814,Москва,2021-02-17,132666.64
815,Санкт-Петербург,2021-02-17,89827.65
816,Самара,2021-02-17,9908.06
817,Москва,2021-02-18,151235.88
818,Санкт-Петербург,2021-02-18,93203.05
819,Тольятти,2021-02-18,57919.63
820,Самара,2021-02-18,14860.8
821,Тольятти,2021-02-19,54697.84
822,Москва,2021-02-19,138926.7
823,Санкт-Петербург,2021-02-19,97245.45
824,Самара,2021-02-19,16128.86
825,Москва,2021-02-20,142687.0
826,Санкт-Петербург,2021-02-20,96766.75
827,Тольятти,2021-02-20,47197.99
828,Самара,2021-02-20,14896.06
829,Москва,2021-02-21,120122.4
830,Тольятти,2021-02-21,35258.02
831,Санкт-Петербург,2021-02-21,98419.46
832,Самара,2021-02-21,14904.0
833,Москва,2021-02-22,125127.8
834,Санкт-Петербург,2021-02-22,95732.06
835,Тольятти,2021-02-22,32258.64
836,Самара,2021-02-22,22398.0
837,Санкт-Петербург,2021-02-23,93403.54
838,Москва,2021-02-23,129290.84
839,Тольятти,2021-02-23,23776.28
840,Самара,2021-02-23,18669.52
841,Самара,2021-02-24,18975.64
842,Москва,2021-02-24,207759.12
843,Санкт-Петербург,2021-02-24,97548.08
844,Тольятти,2021-02-24,62676.35
845,Тольятти,2021-02-25,65311.59
846,Москва,2021-02-25,142758.08
847,Санкт-Петербург,2021-02-25,97914.67
848,Самара,2021-02-25,28636.07
849,Тольятти,2021-02-26,51671.67
850,Москва,2021-02-26,157543.88
851,Санкт-Петербург,2021-02-26,103502.14
852,Самара,2021-02-26,18729.75
853,Москва,2021-02-27,116420.24
854,Санкт-Петербург,2021-02-27,99031.01
855,Тольятти,2021-02-27,35526.71
856,Самара,2021-02-27,22453.27
857,Тольятти,2021-02-28,43351.12
858,Москва,2021-02-28,126983.44
859,Санкт-Петербург,2021-02-28,102524.85
860,Самара,2021-02-28,31381.31
861,Москва,2021-03-01,187805.84
862,Тольятти,2021-03-01,67078.9
863,Санкт-Петербург,2021-03-01,101915.44
864,Самара,2021-03-01,24024.68
865,Тольятти,2021-03-02,39427.32
866,Москва,2021-03-02,143713.38
867,Санкт-Петербург,2021-03-02,104700.66
868,Самара,2021-03-02,27465.64
869,Тольятти,2021-03-03,61417.47
870,Москва,2021-03-03,147171.7
871,Санкт-Петербург,2021-03-03,106003.65
872,Самара,2021-03-03,28740.27
873,Москва,2021-03-04,166039.08
874,Тольятти,2021-03-04,50296.78
875,Санкт-Петербург,2021-03-04,106201.22
876,Самара,2021-03-04,31430.91
877,Санкт-Петербург,2021-03-05,102110.85
878,Тольятти,2021-03-05,42298.03
879,Москва,2021-03-05,164916.54
880,Самара,2021-03-05,27434.58
881,Москва,2021-03-06,130459.28
882,Санкт-Петербург,2021-03-06,104708.3
883,Тольятти,2021-03-06,56477.98
884,Самара,2021-03-06,32396.6
885,Москва,2021-03-07,130603.2
886,Санкт-Петербург,2021-03-07,103387.4
887,Тольятти,2021-03-07,23151.58
888,Самара,2021-03-07,26062.97
889,Москва,2021-03-08,119219.2
890,Санкт-Петербург,2021-03-08,100481.62
891,Тольятти,2021-03-08,33275.19
892,Самара,2021-03-08,26324.09
893,Тольятти,2021-03-09,85560.7
894,Москва,2021-03-09,193919.36
895,Санкт-Петербург,2021-03-09,105912.18
896,Самара,2021-03-09,36664.42
897,Москва,2021-03-10,166719.48
898,Тольятти,2021-03-10,64572.96
899,Санкт-Петербург,2021-03-10,97247.39
900,Самара,2021-03-10,27447.85
901,Москва,2021-03-11,154001.84
902,Санкт-Петербург,2021-03-11,105517.96
903,Тольятти,2021-03-11,63266.72
904,Самара,2021-03-11,33008.63
905,Тольятти,2021-03-12,65501.11
906,Москва,2021-03-12,146433.88
907,Санкт-Петербург,2021-03-12,107790.69
908,Самара,2021-03-12,30070.01
909,Санкт-Петербург,2021-03-13,107414.78
910,Москва,2021-03-13,123611.8
911,Тольятти,2021-03-13,34628.07
912,Самара,2021-03-13,29928.3
913,Тольятти,2021-03-14,24959.28
914,Москва,2021-03-14,141489.74
915,Санкт-Петербург,2021-03-14,102661.67
916,Самара,2021-03-14,24992.79
917,Тольятти,2021-03-15,71677.99
918,Москва,2021-03-15,200020.38
919,Санкт-Петербург,2021-03-15,102077.86
920,Самара,2021-03-15,41829.46
921,Тольятти,2021-03-16,47732.32
922,Москва,2021-03-16,152156.8
923,Санкт-Петербург,2021-03-16,101928.79
924,Самара,2021-03-16,31923.17
925,Москва,2021-03-17,162906.68
926,Санкт-Петербург,2021-03-17,109766.73
927,Самара,2021-03-17,28766.06
928,Тольятти,2021-03-17,53532.31
929,Москва,2021-03-18,161110.12
930,Санкт-Петербург,2021-03-18,102328.13
931,Самара,2021-03-18,37525.34
932,Тольятти,2021-03-18,59955.94
933,Санкт-Петербург,2021-03-19,108548.59
934,Тольятти,2021-03-19,61517.69
935,Москва,2021-03-19,147949.88
936,Самара,2021-03-19,34900.55
937,Тольятти,2021-03-20,37282.81
938,Санкт-Петербург,2021-03-20,102899.67
939,Самара,2021-03-20,31058.81
940,Москва,2021-03-20,132953.88
941,Тольятти,2021-03-21,43145.5
942,Москва,2021-03-21,130302.48
943,Санкт-Петербург,2021-03-21,103635.25
944,Самара,2021-03-21,39997.4
945,Москва,2021-03-22,177576.08
946,Санкт-Петербург,2021-03-22,107608.86
947,Самара,2021-03-22,46624.72
948,Тольятти,2021-03-22,68321.3
949,Санкт-Петербург,2021-03-23,111163.65
950,Тольятти,2021-03-23,63215.37
951,Москва,2021-03-23,161540.12
952,Самара,2021-03-23,29880.19
953,Москва,2021-03-24,152723.12
954,Тольятти,2021-03-24,50326.26
955,Санкт-Петербург,2021-03-24,99753.89
956,Самара,2021-03-24,33772.64
957,Самара,2021-03-25,40461.01
958,Москва,2021-03-25,173684.36
959,Санкт-Петербург,2021-03-25,105799.91
960,Тольятти,2021-03-25,58472.75
961,Москва,2021-03-26,176037.44
962,Санкт-Петербург,2021-03-26,108424.66
963,Самара,2021-03-26,40062.07
964,Тольятти,2021-03-26,59702.17
965,Тольятти,2021-03-27,45050.18
966,Москва,2021-03-27,111691.6
967,Санкт-Петербург,2021-03-27,108719.12
968,Самара,2021-03-27,37316.15
969,Москва,2021-03-28,118348.4
970,Самара,2021-03-28,36134.68
971,Санкт-Петербург,2021-03-28,107288.53
972,Тольятти,2021-03-28,29560.45
973,Тольятти,2021-03-29,43913.68
974,Москва,2021-03-29,186447.64
975,Санкт-Петербург,2021-03-29,110429.36
976,Самара,2021-03-29,42626.74
977,Тольятти,2021-03-30,79240.99
978,Самара,2021-03-30,43988.16
979,Москва,2021-03-30,167234.24
980,Санкт-Петербург,2021-03-30,99274.93
981,Тольятти,2021-03-31,54490.51
982,Москва,2021-03-31,155055.3
983,Санкт-Петербург,2021-03-31,101355.04
984,Самара,2021-03-31,45294.73
985,Москва,2021-04-01,144052.44
986,Самара,2021-04-01,39970.03
987,Тольятти,2021-04-01,49370.82
988,Санкт-Петербург,2021-04-01,97788.46
989,Тольятти,2021-04-02,51326.87
990,Санкт-Петербург,2021-04-02,96520.38
991,Москва,2021-04-02,148006.08
992,Самара,2021-04-02,46082.46
993,Тольятти,2021-04-03,41678.74
994,Москва,2021-04-03,131309.98
995,Самара,2021-04-03,35061.78
996,Санкт-Петербург,2021-04-03,96403.52
997,Тольятти,2021-04-04,27143.01
998,Москва,2021-04-04,145483.48
999,Самара,2021-04-04,39790.62
1000,Санкт-Петербург,2021-04-04,103366.61
1001,Тольятти,2021-04-05,67123.52
1002,Москва,2021-04-05,212324.04
1003,Самара,2021-04-05,42519.2
1004,Санкт-Петербург,2021-04-05,100872.81
1005,Москва,2021-04-06,149024.62
1006,Самара,2021-04-06,38796.2
1007,Тольятти,2021-04-06,48296.28
1008,Санкт-Петербург,2021-04-06,93553.5
1009,Москва,2021-04-07,154116.06
1010,Самара,2021-04-07,45020.58
1011,Тольятти,2021-04-07,31448.71
1012,Санкт-Петербург,2021-04-07,93121.31
1013,Тольятти,2021-04-08,3530.52
1014,Санкт-Петербург,2021-04-08,5273.8
1015,Москва,2021-04-08,19630.2
1016,Самара,2021-04-08,2412.51
1017,Москва,2021-04-09,222481.2
1018,Тольятти,2021-04-09,45816.19
1019,Санкт-Петербург,2021-04-09,157625.23
1020,Самара,2021-04-09,40115.18
1021,Тольятти,2021-04-10,38504.52
1022,Санкт-Петербург,2021-04-10,84695.12
1023,Самара,2021-04-10,32690.15
1024,Москва,2021-04-10,117274.42
1025,Тольятти,2021-04-11,35567.82
1026,Самара,2021-04-11,33780.85
1027,Санкт-Петербург,2021-04-11,89066.95
1028,Москва,2021-04-11,156800.68
1029,Санкт-Петербург,2021-04-12,95999.56
1030,Тольятти,2021-04-12,63594.96
1031,Самара,2021-04-12,62080.44
1032,Москва,2021-04-12,190377.84
1033,Тольятти,2021-04-13,61593.12
1034,Москва,2021-04-13,134473.46
1035,Санкт-Петербург,2021-04-13,87505.51
1036,Самара,2021-04-13,38675.99
1037,Москва,2021-04-14,152534.44
1038,Санкт-Петербург,2021-04-14,84877.2
1039,Тольятти,2021-04-14,61388.11
1040,Самара,2021-04-14,36147.54
1041,Тольятти,2021-04-15,39810.96
1042,Санкт-Петербург,2021-04-15,96856.13
1043,Москва,2021-04-15,158370.46
1044,Самара,2021-04-15,34783.38
1045,Тольятти,2021-04-16,46887.98
1046,Самара,2021-04-16,46289.14
1047,Санкт-Петербург,2021-04-16,91744.21
1048,Москва,2021-04-16,173340.82
1049,Тольятти,2021-04-17,28086.77
1050,Самара,2021-04-17,26271.2
1051,Москва,2021-04-17,114561.4
1052,Санкт-Петербург,2021-04-17,92744.4
1053,Самара,2021-04-18,36298.73
1054,Тольятти,2021-04-18,27950.73
1055,Санкт-Петербург,2021-04-18,95047.91
1056,Москва,2021-04-18,118950.2
1057,Москва,2021-04-19,207938.92
1058,Санкт-Петербург,2021-04-19,93241.18
1059,Самара,2021-04-19,48727.82
1060,Тольятти,2021-04-19,50764.19
1061,Санкт-Петербург,2021-04-20,87642.54
1062,Москва,2021-04-20,156507.28
1063,Самара,2021-04-20,34962.78
1064,Тольятти,2021-04-20,51009.6
1065,Самара,2021-04-21,46294.93
1066,Тольятти,2021-04-21,50897.9
1067,Санкт-Петербург,2021-04-21,79943.66
1068,Москва,2021-04-21,144164.88
1069,Москва,2021-04-22,153745.8
1070,Самара,2021-04-22,38971.18
1071,Тольятти,2021-04-22,38830.45
1072,Санкт-Петербург,2021-04-22,90232.34
1073,Самара,2021-04-23,41222.44
1074,Тольятти,2021-04-23,42541.81
1075,Москва,2021-04-23,164664.82
1076,Санкт-Петербург,2021-04-23,83582.92
1077,Тольятти,2021-04-24,40457.4
1078,Москва,2021-04-24,114331.24
1079,Самара,2021-04-24,31354.22
1080,Санкт-Петербург,2021-04-24,82243.03
1081,Самара,2021-04-25,34910.88
1082,Тольятти,2021-04-25,35495.9
1083,Санкт-Петербург,2021-04-25,85045.32
1084,Москва,2021-04-25,119886.28
1085,Москва,2021-04-26,206384.96
1086,Санкт-Петербург,2021-04-26,87001.92
1087,Самара,2021-04-26,50855.76
1088,Тольятти,2021-04-26,44860.94
1089,Самара,2021-04-27,23927.93
1090,Тольятти,2021-04-27,50979.62
1091,Санкт-Петербург,2021-04-27,81340.38
1092,Москва,2021-04-27,148153.96
1093,Москва,2021-04-28,156812.2
1094,Тольятти,2021-04-28,35422.01
1095,Самара,2021-04-28,48795.81
1096,Санкт-Петербург,2021-04-28,90503.61
1097,Самара,2021-04-29,41411.48
1098,Тольятти,2021-04-29,47991.3
1099,Санкт-Петербург,2021-04-29,86108.42
1100,Москва,2021-04-29,157767.4
1101,Москва,2021-04-30,146464.44
1102,Тольятти,2021-04-30,56466.56
1103,Самара,2021-04-30,29997.41
1104,Санкт-Петербург,2021-04-30,85029.91
1105,Москва,2021-05-01,111759.72
1106,Самара,2021-05-01,37474.77
1107,Санкт-Петербург,2021-05-01,87112.63
1108,Тольятти,2021-05-01,31333.6
1109,Самара,2021-05-02,33680.21
1110,Москва,2021-05-02,113672.84
1111,Тольятти,2021-05-02,29374.6
1112,Санкт-Петербург,2021-05-02,88136.82
1113,Москва,2021-05-03,124341.2
1114,Самара,2021-05-03,46004.74
1115,Тольятти,2021-05-03,38397.2
1116,Санкт-Петербург,2021-05-03,89819.87
1117,Санкт-Петербург,2021-05-04,90717.37
1118,Тольятти,2021-05-04,32746.91
1119,Самара,2021-05-04,39959.11
1120,Москва,2021-05-04,189673.7
1121,Тольятти,2021-05-05,35681.44
1122,Самара,2021-05-05,31313.81
1123,Москва,2021-05-05,122789.6
1124,Санкт-Петербург,2021-05-05,95643.17
1125,Москва,2021-05-06,119440.84
1126,Тольятти,2021-05-06,31109.42
1127,Самара,2021-05-06,31328.89
1128,Санкт-Петербург,2021-05-06,89439.81
1129,Самара,2021-05-07,28672.3
1130,Санкт-Петербург,2021-05-07,93283.33
1131,Тольятти,2021-05-07,39651.6
1132,Москва,2021-05-07,126109.32
1133,Тольятти,2021-05-08,42306.5
1134,Самара,2021-05-08,35232.1
1135,Москва,2021-05-08,129684.8
1136,Санкт-Петербург,2021-05-08,92188.79
1137,Москва,2021-05-09,151645.44
1138,Самара,2021-05-09,31253.4
1139,Тольятти,2021-05-09,30021.02
1140,Санкт-Петербург,2021-05-09,93645.97
1141,Санкт-Петербург,2021-05-10,85661.8
1142,Тольятти,2021-05-10,40283.4
1143,Самара,2021-05-10,45134.74
1144,Москва,2021-05-10,127962.28
1145,Тольятти,2021-05-11,87520.24
1146,Самара,2021-05-11,75886.33
1147,Санкт-Петербург,2021-05-11,99413.31
1148,Москва,2021-05-11,171922.28
1149,Тольятти,2021-05-12,35915.71
1150,Самара,2021-05-12,31305.6
1151,Санкт-Петербург,2021-05-12,12721.39
1152,Москва,2021-05-12,112085.82
1153,Самара,2021-05-13,40523.25
1154,Тольятти,2021-05-13,53019.9
1155,Москва,2021-05-13,59524.08
1156,Санкт-Петербург,2021-05-13,16860.78
1157,Тольятти,2021-05-14,39501.25
1158,Самара,2021-05-14,49948.64
1159,Москва,2021-05-14,68919.0
1160,Санкт-Петербург,2021-05-14,47705.04
1161,Тольятти,2021-05-15,33819.1
1162,Самара,2021-05-15,31309.46
1163,Москва,2021-05-15,94501.44
1164,Санкт-Петербург,2021-05-15,80836.98
1165,Тольятти,2021-05-16,35931.11
1166,Самара,2021-05-16,48845.29
1167,Москва,2021-05-16,124843.8
1168,Санкт-Петербург,2021-05-16,84894.74
1169,Самара,2021-05-17,41334.47
1170,Тольятти,2021-05-17,52155.8
1171,Санкт-Петербург,2021-05-17,98531.5
1172,Москва,2021-05-17,173755.04
1173,Тольятти,2021-05-18,39706.6
1174,Самара,2021-05-18,52603.2
1175,Санкт-Петербург,2021-05-18,90506.36
1176,Москва,2021-05-18,145262.1
1177,Самара,2021-05-19,41295.43
1178,Тольятти,2021-05-19,43642.66
1179,Москва,2021-05-19,141958.44
1180,Санкт-Петербург,2021-05-19,86918.76
1181,Тольятти,2021-05-20,54417.1
1182,Самара,2021-05-20,35115.62
1183,Санкт-Петербург,2021-05-20,100726.36
1184,Москва,2021-05-20,148543.36
1185,Тольятти,2021-05-21,40102.7
1186,Самара,2021-05-21,43830.8
1187,Москва,2021-05-21,165200.48
1188,Санкт-Петербург,2021-05-21,83925.32
1189,Тольятти,2021-05-22,36205.95
1190,Самара,2021-05-22,29194.11
1191,Санкт-Петербург,2021-05-22,87331.48
1192,Москва,2021-05-22,117866.52
1193,Самара,2021-05-23,32560.14
1194,Тольятти,2021-05-23,35016.3
1195,Санкт-Петербург,2021-05-23,91337.09
1196,Москва,2021-05-23,117337.2
1197,Самара,2021-05-24,57419.14
1198,Тольятти,2021-05-24,39942.2
1199,Москва,2021-05-24,191134.0
1200,Санкт-Петербург,2021-05-24,97369.47
1201,Санкт-Петербург,2021-05-25,112184.94
1202,Тольятти,2021-05-25,58892.06
1203,Самара,2021-05-25,69235.18
1204,Москва,2021-05-25,151639.56
1205,Тольятти,2021-05-26,44887.96
1206,Самара,2021-05-26,42517.78
1207,Москва,2021-05-26,157463.52
1208,Санкт-Петербург,2021-05-26,96961.64
1209,Тольятти,2021-05-27,50375.28
1210,Самара,2021-05-27,32442.7
1211,Москва,2021-05-27,149967.24
1212,Санкт-Петербург,2021-05-27,91882.89
1213,Тольятти,2021-05-28,43569.06
1214,Самара,2021-05-28,43137.44
1215,Санкт-Петербург,2021-05-28,97576.26
1216,Москва,2021-05-28,139410.6
1217,Санкт-Петербург,2021-05-29,92845.17
1218,Тольятти,2021-05-29,32751.91
1219,Самара,2021-05-29,31308.4
1220,Москва,2021-05-29,102514.46
1221,Тольятти,2021-05-30,29554.15
1222,Самара,2021-05-30,30062.56
1223,Санкт-Петербург,2021-05-30,94960.17
1224,Москва,2021-05-30,113532.24
1225,Самара,2021-05-31,60003.23
1226,Тольятти,2021-05-31,45710.3
1227,Санкт-Петербург,2021-05-31,101918.61
1228,Москва,2021-05-31,214148.32
1229,Самара,2021-06-01,41285.56
1230,Тольятти,2021-06-01,43733.6
1231,Санкт-Петербург,2021-06-01,97471.03
1232,Москва,2021-06-01,139155.24
1233,Тольятти,2021-06-02,48478.8
1234,Самара,2021-06-02,46442.65
1235,Москва,2021-06-02,135566.88
1236,Санкт-Петербург,2021-06-02,88290.76
1237,Санкт-Петербург,2021-06-03,103525.0
1238,Самара,2021-06-03,38794.64
1239,Тольятти,2021-06-03,36629.5
1240,Москва,2021-06-03,143586.64
1241,Москва,2021-06-04,140211.84
1242,Самара,2021-06-04,40012.56
1243,Тольятти,2021-06-04,43697.3
1244,Санкт-Петербург,2021-06-04,87492.73
1245,Санкт-Петербург,2021-06-05,88024.99
1246,Москва,2021-06-05,101691.8
1247,Самара,2021-06-05,34872.6
1248,Тольятти,2021-06-05,38534.5
1249,Москва,2021-06-06,116112.26
1250,Самара,2021-06-06,26296.14
1251,Тольятти,2021-06-06,31681.1
1252,Санкт-Петербург,2021-06-06,89092.03
1253,Санкт-Петербург,2021-06-07,96918.64
1254,Тольятти,2021-06-07,49331.7
1255,Самара,2021-06-07,31408.75
1256,Москва,2021-06-07,181001.52
1257,Тольятти,2021-06-08,56123.7
1258,Самара,2021-06-08,44991.95
1259,Москва,2021-06-08,127380.52
1260,Санкт-Петербург,2021-06-08,100718.36
1261,Тольятти,2021-06-09,44593.74
1262,Самара,2021-06-09,25123.91
1263,Санкт-Петербург,2021-06-09,87955.15
1264,Москва,2021-06-09,144363.2
1265,Тольятти,2021-06-10,45061.71
1266,Самара,2021-06-10,40031.02
1267,Москва,2021-06-10,148147.44
1268,Санкт-Петербург,2021-06-10,92966.53
1269,Тольятти,2021-06-11,30538.4
1270,Самара,2021-06-11,36236.68
1271,Москва,2021-06-11,132333.74
1272,Санкт-Петербург,2021-06-11,88855.77
1273,Самара,2021-06-12,27558.4
1274,Тольятти,2021-06-12,28397.9
1275,Москва,2021-06-12,104483.4
1276,Санкт-Петербург,2021-06-12,99590.42
1277,Санкт-Петербург,2021-06-13,96121.01
1278,Тольятти,2021-06-13,27435.0
1279,Самара,2021-06-13,38657.78
1280,Москва,2021-06-13,108289.46
1281,Самара,2021-06-14,33645.03
1282,Тольятти,2021-06-14,24202.3
1283,Москва,2021-06-14,108704.2
1284,Санкт-Петербург,2021-06-14,94372.48
1285,Тольятти,2021-06-15,51721.18
1286,Самара,2021-06-15,57454.32
1287,Москва,2021-06-15,184269.04
1288,Санкт-Петербург,2021-06-15,104297.47
1289,Санкт-Петербург,2021-06-16,97365.22
1290,Тольятти,2021-06-16,41762.3
1291,Самара,2021-06-16,30065.85
1292,Москва,2021-06-16,146160.12
1293,Тольятти,2021-06-17,40645.4
1294,Самара,2021-06-17,32563.81
1295,Москва,2021-06-17,141660.12
1296,Санкт-Петербург,2021-06-17,97033.62
1297,Тольятти,2021-06-18,47544.8
1298,Самара,2021-06-18,42971.05
1299,Москва,2021-06-18,144310.0
1300,Санкт-Петербург,2021-06-18,95564.89
1301,Самара,2021-06-19,33511.33
1302,Санкт-Петербург,2021-06-19,96122.63
1303,Тольятти,2021-06-19,29561.5
1304,Москва,2021-06-19,92023.8
1305,Самара,2021-06-20,48771.34
1306,Тольятти,2021-06-20,28029.3
1307,Санкт-Петербург,2021-06-20,95224.53
1308,Москва,2021-06-20,91121.2
1309,Санкт-Петербург,2021-06-21,89941.83
1310,Самара,2021-06-21,34908.26
1311,Тольятти,2021-06-21,50503.53
1312,Москва,2021-06-21,144573.52
1313,Москва,2021-06-22,110590.26
1314,Тольятти,2021-06-22,50190.0
1315,Самара,2021-06-22,38825.2
1316,Санкт-Петербург,2021-06-22,90292.84
1317,Тольятти,2021-06-23,38331.0
1318,Самара,2021-06-23,36449.53
1319,Санкт-Петербург,2021-06-23,94678.03
1320,Москва,2021-06-23,112048.44
1321,Самара,2021-06-24,48644.02
1322,Тольятти,2021-06-24,41417.9
1323,Санкт-Петербург,2021-06-24,95627.91
1324,Москва,2021-06-24,107470.04
1325,Тольятти,2021-06-25,39423.6
1326,Самара,2021-06-25,28798.94
1327,Санкт-Петербург,2021-06-25,93711.98
1328,Москва,2021-06-25,128770.4
1329,Тольятти,2021-06-26,31703.44
1330,Самара,2021-06-26,32532.49
1331,Санкт-Петербург,2021-06-26,102910.44
1332,Москва,2021-06-26,76868.6
1333,Тольятти,2021-06-27,28683.1
1334,Самара,2021-06-27,32561.2
1335,Санкт-Петербург,2021-06-27,95640.12
1336,Москва,2021-06-27,82071.12
1337,Тольятти,2021-06-28,55728.8
1338,Самара,2021-06-28,32561.01
1339,Москва,2021-06-28,139557.36
1340,Санкт-Петербург,2021-06-28,100854.76
1341,Тольятти,2021-06-29,44694.3
1342,Самара,2021-06-29,60120.0
1343,Москва,2021-06-29,115535.0
1344,Санкт-Петербург,2021-06-29,98982.77
1345,Тольятти,2021-06-30,48288.2
1346,Самара,2021-06-30,48849.83
1347,Санкт-Петербург,2021-06-30,95382.0
1348,Москва,2021-06-30,113588.1
1349,Самара,2021-07-01,41318.62
1350,Тольятти,2021-07-01,71286.6
1351,Москва,2021-07-01,140878.6
1352,Санкт-Петербург,2021-07-01,90853.63
1353,Тольятти,2021-07-02,27645.54
1354,Самара,2021-07-02,36316.8
1355,Москва,2021-07-02,114482.46
1356,Санкт-Петербург,2021-07-02,93029.8
1357,Тольятти,2021-07-03,30997.14
1358,Самара,2021-07-03,36157.78
1359,Санкт-Петербург,2021-07-03,95493.99
1360,Москва,2021-07-03,94809.56
1361,Тольятти,2021-07-04,36072.12
1362,Самара,2021-07-04,46358.34
1363,Москва,2021-07-04,94019.8
1364,Санкт-Петербург,2021-07-04,95209.1
1365,Тольятти,2021-07-05,52587.38
1366,Самара,2021-07-05,40084.0
1367,Москва,2021-07-05,154088.6
1368,Санкт-Петербург,2021-07-05,100126.03
1369,Москва,2021-07-06,120484.0
1370,Самара,2021-07-06,48760.8
1371,Санкт-Петербург,2021-07-06,99024.76
1372,Тольятти,2021-07-06,47788.52
1373,Самара,2021-07-07,45257.98
1374,Тольятти,2021-07-07,43129.62
1375,Санкт-Петербург,2021-07-07,96123.39
1376,Москва,2021-07-07,123902.4
1377,Москва,2021-07-08,117459.4
1378,Самара,2021-07-08,33658.08
1379,Тольятти,2021-07-08,39991.12
1380,Санкт-Петербург,2021-07-08,99574.99
1381,Самара,2021-07-09,43549.6
1382,Тольятти,2021-07-09,49925.28
1383,Санкт-Петербург,2021-07-09,96991.2
1384,Москва,2021-07-09,109543.36
1385,Москва,2021-07-10,93685.0
1386,Самара,2021-07-10,27793.98
1387,Тольятти,2021-07-10,38030.52
1388,Санкт-Петербург,2021-07-10,96120.0
1389,Москва,2021-07-11,86615.8
1390,Тольятти,2021-07-11,44137.46
1391,Самара,2021-07-11,38822.4
1392,Санкт-Петербург,2021-07-11,97574.4
1393,Санкт-Петербург,2021-07-12,104016.38
1394,Тольятти,2021-07-12,45882.0
1395,Самара,2021-07-12,33885.83
1396,Москва,2021-07-12,192346.24
1397,Самара,2021-07-13,33693.94
1398,Тольятти,2021-07-13,59910.24
1399,Санкт-Петербург,2021-07-13,89030.52
1400,Москва,2021-07-13,106000.2
1401,Самара,2021-07-14,27547.2
1402,Тольятти,2021-07-14,55419.48
1403,Санкт-Петербург,2021-07-14,99024.4
1404,Москва,2021-07-14,96357.16
1405,Тольятти,2021-07-15,49898.32
1406,Самара,2021-07-15,46356.03
1407,Санкт-Петербург,2021-07-15,99810.65
1408,Москва,2021-07-15,106411.0
1409,Москва,2021-07-16,75318.0
1410,Тольятти,2021-07-16,48538.2
1411,Самара,2021-07-16,28688.15
1412,Санкт-Петербург,2021-07-16,98577.62
1413,Самара,2021-07-17,31307.34
1414,Москва,2021-07-17,68672.0
1415,Тольятти,2021-07-17,33630.6
1416,Санкт-Петербург,2021-07-17,88878.4
1417,Тольятти,2021-07-18,42043.68
1418,Самара,2021-07-18,27629.66
1419,Санкт-Петербург,2021-07-18,93868.71
1420,Москва,2021-07-18,66923.2
1421,Тольятти,2021-07-19,45974.4
1422,Самара,2021-07-19,41149.27
1423,Москва,2021-07-19,108941.2
1424,Санкт-Петербург,2021-07-19,94656.8
1425,Тольятти,2021-07-20,58393.2
1426,Самара,2021-07-20,33814.0
1427,Москва,2021-07-20,107816.0
1428,Санкт-Петербург,2021-07-20,87165.48
1429,Самара,2021-07-21,38537.71
1430,Тольятти,2021-07-21,47672.8
1431,Москва,2021-07-21,94227.36
1432,Санкт-Петербург,2021-07-21,86490.8
1433,Тольятти,2021-07-22,55738.8
1434,Самара,2021-07-22,35069.6
1435,Москва,2021-07-22,81233.6
1436,Санкт-Петербург,2021-07-22,95568.4
1437,Санкт-Петербург,2021-07-23,92328.68
1438,Москва,2021-07-23,85389.7
1439,Самара,2021-07-23,31807.4
1440,Тольятти,2021-07-23,32722.2
1441,Тольятти,2021-07-24,47077.56
1442,Самара,2021-07-24,33169.14
1443,Москва,2021-07-24,65889.36
1444,Санкт-Петербург,2021-07-24,92307.39
1445,Тольятти,2021-07-25,34763.64
1446,Самара,2021-07-25,25044.4
1447,Москва,2021-07-25,69687.0
1448,Санкт-Петербург,2021-07-25,91756.8
1449,Тольятти,2021-07-26,70057.44
1450,Самара,2021-07-26,51367.23
1451,Москва,2021-07-26,113435.4
1452,Санкт-Петербург,2021-07-26,112667.99
1453,Самара,2021-07-27,38653.62
1454,Москва,2021-07-27,92904.44
1455,Тольятти,2021-07-27,42448.08
1456,Санкт-Петербург,2021-07-27,89991.39
1457,Москва,2021-07-28,89568.64
1458,Тольятти,2021-07-28,56834.52
1459,Самара,2021-07-28,26301.06
1460,Санкт-Петербург,2021-07-28,94367.94
1461,Тольятти,2021-07-29,47183.64
1462,Самара,2021-07-29,42580.8
1463,Москва,2021-07-29,64508.0
1464,Санкт-Петербург,2021-07-29,92243.4
1465,Санкт-Петербург,2021-07-30,91037.39
1466,Тольятти,2021-07-30,54971.64
1467,Самара,2021-07-30,42650.89
1468,Москва,2021-07-30,118095.72
1469,Самара,2021-07-31,40601.52
1470,Москва,2021-07-31,63753.0
1471,Тольятти,2021-07-31,50043.24
1472,Санкт-Петербург,2021-07-31,99936.0
1473,Самара,2021-08-01,32596.22
1474,Тольятти,2021-08-01,44714.28
1475,Москва,2021-08-01,67673.6
1476,Санкт-Петербург,2021-08-01,75816.0
1477,Тольятти,2021-08-02,67748.04
1478,Самара,2021-08-02,46236.16
1479,Москва,2021-08-02,104863.4
1480,Санкт-Петербург,2021-08-02,100799.37
1481,Москва,2021-08-03,86305.32
1482,Тольятти,2021-08-03,54225.84
1483,Самара,2021-08-03,42345.26
1484,Санкт-Петербург,2021-08-03,104258.15
1485,Тольятти,2021-08-04,58500.07
1486,Самара,2021-08-04,30057.53
1487,Санкт-Петербург,2021-08-04,83353.38
1488,Москва,2021-08-04,87221.92
1489,Самара,2021-08-05,43528.23
1490,Москва,2021-08-05,80116.8
1491,Тольятти,2021-08-05,54215.76
1492,Санкт-Петербург,2021-08-05,221905.51
1493,Москва,2021-08-06,83164.2
1494,Самара,2021-08-06,37602.85
1495,Тольятти,2021-08-06,53545.32
1496,Санкт-Петербург,2021-08-06,87174.86
1497,Санкт-Петербург,2021-08-07,100716.34
1498,Москва,2021-08-07,68581.8
1499,Тольятти,2021-08-07,44405.88
1500,Самара,2021-08-07,40424.37
1501,Самара,2021-08-08,33666.29
1502,Тольятти,2021-08-08,47203.2
1503,Москва,2021-08-08,66795.32
1504,Санкт-Петербург,2021-08-08,90849.6
1505,Самара,2021-08-09,49750.96
1506,Тольятти,2021-08-09,72616.08
1507,Москва,2021-08-09,87556.8
1508,Санкт-Петербург,2021-08-09,108470.14
1509,Самара,2021-08-10,38736.65
1510,Тольятти,2021-08-10,53074.8
1511,Москва,2021-08-10,64576.88
1512,Санкт-Петербург,2021-08-10,132282.66
1513,Самара,2021-08-11,35024.85
1514,Москва,2021-08-11,84947.72
1515,Тольятти,2021-08-11,55249.44
1516,Санкт-Петербург,2021-08-11,96129.72
1517,Тольятти,2021-08-12,53241.6
1518,Самара,2021-08-12,46376.61
1519,Москва,2021-08-12,80451.96
1520,Санкт-Петербург,2021-08-12,94665.6
1521,Тольятти,2021-08-13,94535.55
1522,Москва,2021-08-13,85205.28
1523,Самара,2021-08-13,49470.05
1524,Санкт-Петербург,2021-08-13,93088.27
1525,Москва,2021-08-14,64766.44
1526,Тольятти,2021-08-14,11244.73
1527,Самара,2021-08-14,34066.96
1528,Санкт-Петербург,2021-08-14,84492.53
1529,Москва,2021-08-15,65634.4
1530,Самара,2021-08-15,29343.9
1531,Тольятти,2021-08-15,52915.8
1532,Санкт-Петербург,2021-08-15,89296.44
1533,Москва,2021-08-16,128262.8
1534,Тольятти,2021-08-16,51796.75
1535,Санкт-Петербург,2021-08-16,90602.54
1536,Самара,2021-08-16,52443.37
1537,Тольятти,2021-08-17,58736.71
1538,Самара,2021-08-17,35986.03
1539,Москва,2021-08-17,78024.0
1540,Санкт-Петербург,2021-08-17,85388.51
1541,Санкт-Петербург,2021-08-18,81045.99
1542,Тольятти,2021-08-18,48519.4
1543,Самара,2021-08-18,43085.59
1544,Москва,2021-08-18,76092.6
1545,Тольятти,2021-08-19,59982.59
1546,Самара,2021-08-19,35067.83
1547,Москва,2021-08-19,87082.88
1548,Санкт-Петербург,2021-08-19,81653.41
1549,Тольятти,2021-08-20,40999.36
1550,Самара,2021-08-20,38686.09
1551,Москва,2021-08-20,75215.36
1552,Санкт-Петербург,2021-08-20,80906.0
1553,Самара,2021-08-21,29943.1
1554,Москва,2021-08-21,53761.6
1555,Санкт-Петербург,2021-08-21,77635.16
1556,Тольятти,2021-08-21,36035.59
1557,Самара,2021-08-22,31981.86
1558,Москва,2021-08-22,68745.4
1559,Тольятти,2021-08-22,38715.96
1560,Санкт-Петербург,2021-08-22,76301.9
1561,Тольятти,2021-08-23,80044.51
1562,Самара,2021-08-23,53491.4
1563,Москва,2021-08-23,94486.52
1564,Санкт-Петербург,2021-08-23,86286.0
1565,Самара,2021-08-24,46857.5
1566,Тольятти,2021-08-24,54761.03
1567,Москва,2021-08-24,74089.0
1568,Санкт-Петербург,2021-08-24,83032.72
1569,Тольятти,2021-08-25,62689.91
1570,Самара,2021-08-25,37689.32
1571,Москва,2021-08-25,82355.84
1572,Санкт-Петербург,2021-08-25,90772.7
1573,Москва,2021-08-26,76035.28
1574,Самара,2021-08-26,38518.38
1575,Тольятти,2021-08-26,41318.19
1576,Санкт-Петербург,2021-08-26,83151.9
1577,Москва,2021-08-27,85984.08
1578,Тольятти,2021-08-27,52845.79
1579,Самара,2021-08-27,31737.94
1580,Санкт-Петербург,2021-08-27,99491.16
1581,Самара,2021-08-28,40839.89
1582,Тольятти,2021-08-28,34100.69
1583,Санкт-Петербург,2021-08-28,89759.96
1584,Москва,2021-08-28,56681.52
1585,Тольятти,2021-08-29,41446.5
1586,Самара,2021-08-29,29906.1
1587,Москва,2021-08-29,70042.6
1588,Санкт-Петербург,2021-08-29,88848.0
1589,Тольятти,2021-08-30,82565.6
1590,Самара,2021-08-30,46960.22
1591,Москва,2021-08-30,113429.0
1592,Санкт-Петербург,2021-08-30,93001.77
1593,Самара,2021-08-31,48225.12
1594,Тольятти,2021-08-31,55280.36
1595,Москва,2021-08-31,72621.16
1596,Санкт-Петербург,2021-08-31,82121.18
1597,Тольятти,2021-09-01,68913.22
1598,Самара,2021-09-01,29354.32
1599,Санкт-Петербург,2021-09-01,91466.14
1600,Москва,2021-09-01,109550.96
1601,Самара,2021-09-02,40693.7
1602,Тольятти,2021-09-02,50823.35
1603,Москва,2021-09-02,125585.44
1604,Санкт-Петербург,2021-09-02,88848.0
1605,Москва,2021-09-03,93016.4
1606,Самара,2021-09-03,44868.4
1607,Тольятти,2021-09-03,48765.5
1608,Санкт-Петербург,2021-09-03,90151.14
1609,Самара,2021-09-04,32489.52
1610,Москва,2021-09-04,70238.56
1611,Тольятти,2021-09-04,39116.46
1612,Санкт-Петербург,2021-09-04,88877.52
1613,Тольятти,2021-09-05,34027.84
1614,Самара,2021-09-05,32195.16
1615,Москва,2021-09-05,91656.04
1616,Санкт-Петербург,2021-09-05,80668.8
1617,Тольятти,2021-09-06,59902.64
1618,Самара,2021-09-06,46622.76
1619,Москва,2021-09-06,116275.2
1620,Санкт-Петербург,2021-09-06,82667.01
1621,Тольятти,2021-09-07,75608.89
1622,Самара,2021-09-07,36518.36
1623,Москва,2021-09-07,95885.12
1624,Санкт-Петербург,2021-09-07,90540.18
1625,Самара,2021-09-08,41939.04
1626,Москва,2021-09-08,94398.8
1627,Тольятти,2021-09-08,46937.31
1628,Санкт-Петербург,2021-09-08,82114.77
1629,Тольятти,2021-09-09,55856.04
1630,Самара,2021-09-09,33822.62
1631,Москва,2021-09-09,86865.4
1632,Санкт-Петербург,2021-09-09,87180.5
1633,Тольятти,2021-09-10,50802.68
1634,Самара,2021-09-10,44298.28
1635,Москва,2021-09-10,74670.0
1636,Санкт-Петербург,2021-09-10,87392.59
1637,Самара,2021-09-11,31200.32
1638,Тольятти,2021-09-11,49938.62
1639,Москва,2021-09-11,67349.2
1640,Санкт-Петербург,2021-09-11,87394.64
1641,Самара,2021-09-12,29327.22
1642,Москва,2021-09-12,73198.44
1643,Тольятти,2021-09-12,41475.15
1644,Санкт-Петербург,2021-09-12,86078.6
1645,Тольятти,2021-09-13,57214.67
1646,Самара,2021-09-13,61767.4
1647,Москва,2021-09-13,92769.44
1648,Санкт-Петербург,2021-09-13,87244.91
1649,Москва,2021-09-14,81074.0
1650,Самара,2021-09-14,43236.24
1651,Тольятти,2021-09-14,74309.49
1652,Санкт-Петербург,2021-09-14,92533.14
1653,Тольятти,2021-09-15,66139.33
1654,Самара,2021-09-15,40729.42
1655,Москва,2021-09-15,83887.04
1656,Санкт-Петербург,2021-09-15,80519.32
1657,Тольятти,2021-09-16,54403.99
1658,Самара,2021-09-16,33859.74
1659,Москва,2021-09-16,91093.2
1660,Санкт-Петербург,2021-09-16,81993.95
1661,Тольятти,2021-09-17,53120.98
1662,Самара,2021-09-17,37945.14
1663,Москва,2021-09-17,92178.04
1664,Санкт-Петербург,2021-09-17,85035.07
1665,Самара,2021-09-18,36916.62
1666,Москва,2021-09-18,83891.8
1667,Тольятти,2021-09-18,41579.05
1668,Санкт-Петербург,2021-09-18,83581.97
1669,Самара,2021-09-19,30702.12
1670,Москва,2021-09-19,81987.92
1671,Тольятти,2021-09-19,36780.28
1672,Санкт-Петербург,2021-09-19,88803.95
1673,Тольятти,2021-09-20,59697.83
1674,Самара,2021-09-20,41958.0
1675,Москва,2021-09-20,110451.6
1676,Санкт-Петербург,2021-09-20,82857.33
1677,Самара,2021-09-21,50666.94
1678,Тольятти,2021-09-21,56835.08
1679,Москва,2021-09-21,96943.6
1680,Санкт-Петербург,2021-09-21,90340.87
1681,Тольятти,2021-09-22,54430.46
1682,Самара,2021-09-22,42027.4
1683,Москва,2021-09-22,85346.2
1684,Санкт-Петербург,2021-09-22,83719.76
1685,Тольятти,2021-09-23,68023.83
1686,Самара,2021-09-23,38138.62
1687,Москва,2021-09-23,100724.0
1688,Санкт-Петербург,2021-09-23,81203.52
1689,Тольятти,2021-09-24,62647.16
1690,Самара,2021-09-24,38354.98
1691,Москва,2021-09-24,98525.24
1692,Санкт-Петербург,2021-09-24,85627.78
1693,Самара,2021-09-25,33847.2
1694,Москва,2021-09-25,80851.68
1695,Тольятти,2021-09-25,38030.98
1696,Санкт-Петербург,2021-09-25,80668.8
1697,Самара,2021-09-26,35889.52
1698,Москва,2021-09-26,80224.08
1699,Тольятти,2021-09-26,43029.38
1700,Санкт-Петербург,2021-09-26,85032.0
1701,Самара,2021-09-27,59835.08
1702,Тольятти,2021-09-27,68786.75
1703,Москва,2021-09-27,103354.16
1704,Санкт-Петербург,2021-09-27,83196.83
1705,Самара,2021-09-28,37764.18
1706,Тольятти,2021-09-28,54455.03
1707,Санкт-Петербург,2021-09-28,91654.87
1708,Москва,2021-09-28,87546.92
1709,Самара,2021-09-29,44973.68
1710,Москва,2021-09-29,100105.44
1711,Тольятти,2021-09-29,42656.15
1712,Санкт-Петербург,2021-09-29,83581.35
1713,Самара,2021-09-30,30248.42
1714,Москва,2021-09-30,114960.54
1715,Санкт-Петербург,2021-09-30,85022.52
1716,Тольятти,2021-09-30,48305.04
1717,Самара,2021-10-01,30676.74
1718,Тольятти,2021-10-01,53491.13
1719,Санкт-Петербург,2021-10-01,91211.98
1720,Москва,2021-10-01,92175.0
1721,Самара,2021-10-02,34982.1
1722,Москва,2021-10-02,81639.72
1723,Тольятти,2021-10-02,53605.45
1724,Санкт-Петербург,2021-10-02,93206.8
1725,Самара,2021-10-03,42626.96
1726,Москва,2021-10-03,85886.76
1727,Санкт-Петербург,2021-10-03,86488.78
1728,Тольятти,2021-10-03,39202.62
1729,Самара,2021-10-04,56978.54
1730,Тольятти,2021-10-04,72934.4
1731,Москва,2021-10-04,112481.84
1732,Санкт-Петербург,2021-10-04,91426.17
1733,Самара,2021-10-05,42012.2
1734,Тольятти,2021-10-05,49517.16
1735,Санкт-Петербург,2021-10-05,87083.53
1736,Москва,2021-10-05,117019.28
1737,Тольятти,2021-10-06,53368.8
1738,Самара,2021-10-06,40260.72
1739,Москва,2021-10-06,96963.08
1740,Санкт-Петербург,2021-10-06,85035.39
1741,Санкт-Петербург,2021-10-07,85198.95
1742,Самара,2021-10-07,38474.52
1743,Тольятти,2021-10-07,50913.49
1744,Москва,2021-10-07,104674.96
1745,Тольятти,2021-10-08,49350.42
1746,Москва,2021-10-08,105802.0
1747,Самара,2021-10-08,46405.28
1748,Санкт-Петербург,2021-10-08,86482.2
1749,Тольятти,2021-10-09,40180.98
1750,Самара,2021-10-09,27068.08
1751,Москва,2021-10-09,82833.72
1752,Санкт-Петербург,2021-10-09,86496.57
1753,Самара,2021-10-10,38516.5
1754,Тольятти,2021-10-10,41704.81
1755,Санкт-Петербург,2021-10-10,85033.01
1756,Москва,2021-10-10,78875.72
1757,Москва,2021-10-11,138067.32
1758,Самара,2021-10-11,49074.9
1759,Тольятти,2021-10-11,46936.92
1760,Санкт-Петербург,2021-10-11,91181.97
1761,Тольятти,2021-10-12,71438.28
1762,Самара,2021-10-12,39451.96
1763,Санкт-Петербург,2021-10-12,74062.86
1764,Москва,2021-10-12,83827.3
1765,Москва,2021-10-13,94455.14
1766,Тольятти,2021-10-13,53095.28
1767,Самара,2021-10-13,38827.92
1768,Санкт-Петербург,2021-10-13,59743.8
1769,Санкт-Петербург,2021-10-14,85170.01
1770,Тольятти,2021-10-14,43788.54
1771,Самара,2021-10-14,40179.38
1772,Москва,2021-10-14,85901.6
1773,Тольятти,2021-10-15,54810.77
1774,Самара,2021-10-15,22893.32
1775,Москва,2021-10-15,143653.28
1776,Санкт-Петербург,2021-10-15,86552.99
1777,Санкт-Петербург,2021-10-16,75224.9
1778,Москва,2021-10-16,82870.84
1779,Самара,2021-10-16,44374.54
1780,Тольятти,2021-10-16,33744.52
1781,Самара,2021-10-17,31661.02
1782,Москва,2021-10-17,111691.16
1783,Тольятти,2021-10-17,32614.61
1784,Санкт-Петербург,2021-10-17,66672.0
1785,Москва,2021-10-18,90824.84
1786,Самара,2021-10-18,49654.83
1787,Тольятти,2021-10-18,75208.27
1788,Санкт-Петербург,2021-10-18,86133.19
1789,Самара,2021-10-19,39861.52
1790,Тольятти,2021-10-19,45679.56
1791,Москва,2021-10-19,81144.64
1792,Санкт-Петербург,2021-10-19,74534.02
1793,Санкт-Петербург,2021-10-20,70741.29
1794,Самара,2021-10-20,23151.86
1795,Москва,2021-10-20,83075.36
1796,Тольятти,2021-10-20,41828.75
1797,Самара,2021-10-21,36434.72
1798,Тольятти,2021-10-21,56183.61
1799,Санкт-Петербург,2021-10-21,81509.6
1800,Москва,2021-10-21,99853.84
1801,Самара,2021-10-22,22910.6
1802,Тольятти,2021-10-22,50933.04
1803,Санкт-Петербург,2021-10-22,68121.53
1804,Москва,2021-10-22,67863.04
1805,Москва,2021-10-23,69187.72
1806,Самара,2021-10-23,24702.28
1807,Тольятти,2021-10-23,22578.27
1808,Санкт-Петербург,2021-10-23,67584.97
1809,Самара,2021-10-24,45524.7
1810,Москва,2021-10-24,71608.64
1811,Тольятти,2021-10-24,32559.62
1812,Санкт-Петербург,2021-10-24,74855.57
1813,Самара,2021-10-25,22948.46
1814,Москва,2021-10-25,94415.22
1815,Тольятти,2021-10-25,52192.48
1816,Санкт-Петербург,2021-10-25,73475.22
1817,Самара,2021-10-26,21457.14
1818,Тольятти,2021-10-26,30972.84
1819,Санкт-Петербург,2021-10-26,76130.29
1820,Москва,2021-10-26,70920.8
1821,Самара,2021-10-27,35134.48
1822,Тольятти,2021-10-27,31360.55
1823,Москва,2021-10-27,85681.0
1824,Санкт-Петербург,2021-10-27,66400.67
1825,Самара,2021-10-28,21424.92
1826,Москва,2021-10-28,100616.8
1827,Тольятти,2021-10-28,27447.81
1828,Санкт-Петербург,2021-10-28,75401.79
1829,Самара,2021-10-29,29212.06
1830,Тольятти,2021-10-29,28797.34
1831,Санкт-Петербург,2021-10-29,87241.17
1832,Москва,2021-10-29,68414.64
1833,Самара,2021-10-30,26737.54
1834,Тольятти,2021-10-30,28685.93
1835,Санкт-Петербург,2021-10-30,68128.78
1836,Москва,2021-10-30,96006.04
1837,Самара,2021-10-31,32085.62
1838,Тольятти,2021-10-31,22277.71
1839,Санкт-Петербург,2021-10-31,75874.55
1840,Москва,2021-10-31,70762.44
1841,Самара,2021-11-01,34739.96
1842,Тольятти,2021-11-01,35165.47
1843,Санкт-Петербург,2021-11-01,75055.51
1844,Москва,2021-11-01,80166.84
1845,Самара,2021-11-02,76840.8
1846,Тольятти,2021-11-02,61318.53
1847,Санкт-Петербург,2021-11-02,100697.0
1848,Москва,2021-11-02,86840.44
1849,Самара,2021-11-03,26854.1
1850,Санкт-Петербург,2021-11-03,73744.35
1851,Тольятти,2021-11-03,36207.16
1852,Москва,2021-11-03,95657.88
1853,Москва,2021-11-04,76697.12
1854,Самара,2021-11-04,35202.88
1855,Тольятти,2021-11-04,31922.1
1856,Санкт-Петербург,2021-11-04,69583.18
1857,Москва,2021-11-05,97615.52
1858,Самара,2021-11-05,25028.0
1859,Тольятти,2021-11-05,22277.71
1860,Санкт-Петербург,2021-11-05,74031.87
1861,Тольятти,2021-11-06,32549.79
1862,Самара,2021-11-06,24163.04
1863,Санкт-Петербург,2021-11-06,70984.4
1864,Москва,2021-11-06,86889.6
1865,Тольятти,2021-11-07,22842.51
1866,Санкт-Петербург,2021-11-07,74851.2
1867,Самара,2021-11-07,18748.8
1868,Москва,2021-11-07,62870.4
1869,Москва,2021-11-08,147741.44
1870,Тольятти,2021-11-08,33898.75
1871,Самара,2021-11-08,43330.5
1872,Санкт-Петербург,2021-11-08,66439.64
1873,Самара,2021-11-09,44306.02
1874,Тольятти,2021-11-09,48284.11
1875,Санкт-Петербург,2021-11-09,65468.0
1876,Москва,2021-11-09,116526.2
1877,Москва,2021-11-10,109651.84
1878,Самара,2021-11-10,24018.12
1879,Тольятти,2021-11-10,27731.03
1880,Санкт-Петербург,2021-11-10,71628.78
1881,Москва,2021-11-11,94750.76
1882,Тольятти,2021-11-11,31426.36
1883,Самара,2021-11-11,34148.68
1884,Санкт-Петербург,2021-11-11,73179.95
1885,Москва,2021-11-12,104509.36
1886,Самара,2021-11-12,29557.76
1887,Тольятти,2021-11-12,41677.69
1888,Санкт-Петербург,2021-11-12,63762.19
1889,Москва,2021-11-13,110864.54
1890,Тольятти,2021-11-13,16933.49
1891,Самара,2021-11-13,20206.8
1892,Санкт-Петербург,2021-11-13,68111.61
1893,Москва,2021-11-14,91115.68
1894,Самара,2021-11-14,25616.64
1895,Тольятти,2021-11-14,22162.56
1896,Санкт-Петербург,2021-11-14,67579.2
1897,Тольятти,2021-11-15,41362.22
1898,Москва,2021-11-15,143022.64
1899,Самара,2021-11-15,39167.7
1900,Санкт-Петербург,2021-11-15,71526.25
1901,Самара,2021-11-16,33733.76
1902,Москва,2021-11-16,116445.84
1903,Санкт-Петербург,2021-11-16,64576.59
1904,Тольятти,2021-11-16,13022.18
1905,Тольятти,2021-11-17,23286.85
1906,Самара,2021-11-17,22914.0
1907,Москва,2021-11-17,108358.24
1908,Санкт-Петербург,2021-11-17,66709.73
1909,Москва,2021-11-18,103557.44
1910,Самара,2021-11-18,22809.6
1911,Санкт-Петербург,2021-11-18,69569.65
1912,Тольятти,2021-11-18,23489.85
1913,Москва,2021-11-19,86610.0
1914,Самара,2021-11-19,33740.52
1915,Тольятти,2021-11-19,23376.55
1916,Санкт-Петербург,2021-11-19,67770.45
1917,Москва,2021-11-20,76101.0
1918,Самара,2021-11-20,22090.56
1919,Тольятти,2021-11-20,19736.08
1920,Санкт-Петербург,2021-11-20,57378.82
1921,Самара,2021-11-21,19010.55
1922,Москва,2021-11-21,82650.0
1923,Тольятти,2021-11-21,19646.51
1924,Санкт-Петербург,2021-11-21,61761.6
1925,Самара,2021-11-22,26656.86
1926,Москва,2021-11-22,152910.08
1927,Санкт-Петербург,2021-11-22,56512.44
1928,Тольятти,2021-11-22,19566.51
1929,Самара,2021-11-23,25575.76
1930,Москва,2021-11-23,92607.28
1931,Тольятти,2021-11-23,15705.9
1932,Санкт-Петербург,2021-11-23,77102.76
1933,Самара,2021-11-24,17749.8
1934,Москва,2021-11-24,77548.0
1935,Санкт-Петербург,2021-11-24,56869.32
1936,Тольятти,2021-11-24,15834.51
1937,Москва,2021-11-25,123529.89
1938,Самара,2021-11-25,18866.36
1939,Тольятти,2021-11-25,18083.73
1940,Санкт-Петербург,2021-11-25,56028.92
1941,Самара,2021-11-26,24064.67
1942,Санкт-Петербург,2021-11-26,77711.28
1943,Москва,2021-11-26,101803.08
1944,Тольятти,2021-11-26,13346.06
1945,Тольятти,2021-11-27,15725.71
1946,Самара,2021-11-27,14311.78
1947,Санкт-Петербург,2021-11-27,64182.17
1948,Москва,2021-11-27,68715.4
1949,Самара,2021-11-28,16559.92
1950,Москва,2021-11-28,74212.2
1951,Санкт-Петербург,2021-11-28,59067.18
1952,Тольятти,2021-11-28,11693.71
1953,Москва,2021-11-29,112957.07
1954,Санкт-Петербург,2021-11-29,83095.58
1955,Тольятти,2021-11-29,23125.51
1956,Самара,2021-11-29,19477.32
1957,Москва,2021-11-30,104500.6
1958,Самара,2021-11-30,31606.7
1959,Тольятти,2021-11-30,14313.6
1960,Санкт-Петербург,2021-11-30,69918.72
1961,Самара,2021-12-01,20891.18
1962,Тольятти,2021-12-01,19146.61
1963,Москва,2021-12-01,164874.68
1964,Санкт-Петербург,2021-12-01,72510.89
1965,Москва,2021-12-02,176540.44
1966,Самара,2021-12-02,34246.24
1967,Тольятти,2021-12-02,28500.55
1968,Санкт-Петербург,2021-12-02,59869.69
1969,Самара,2021-12-03,27603.53
1970,Тольятти,2021-12-03,15739.23
1971,Санкт-Петербург,2021-12-03,61268.67
1972,Москва,2021-12-03,85188.84
1973,Тольятти,2021-12-04,18929.41
1974,Самара,2021-12-04,18685.83
1975,Санкт-Петербург,2021-12-04,66121.44
1976,Москва,2021-12-04,84680.02
1977,Москва,2021-12-05,80812.8
1978,Самара,2021-12-05,22359.5
1979,Санкт-Петербург,2021-12-05,63770.54
1980,Тольятти,2021-12-05,15482.07
1981,Москва,2021-12-06,117100.45
1982,Самара,2021-12-06,28964.3
1983,Санкт-Петербург,2021-12-06,73380.36
1984,Тольятти,2021-12-06,24845.96
1985,Москва,2021-12-07,122074.39
1986,Самара,2021-12-07,32623.34
1987,Санкт-Петербург,2021-12-07,60860.17
1988,Тольятти,2021-12-07,28980.18
1989,Москва,2021-12-08,132774.24
1990,Самара,2021-12-08,44169.6
1991,Санкт-Петербург,2021-12-08,70583.84
1992,Тольятти,2021-12-08,34487.97
1993,Москва,2021-12-09,117254.62
1994,Самара,2021-12-09,32358.6
1995,Тольятти,2021-12-09,33685.58
1996,Санкт-Петербург,2021-12-09,62868.8
1997,Самара,2021-12-10,28312.57
1998,Тольятти,2021-12-10,36077.11
1999,Москва,2021-12-10,103877.93
2000,Санкт-Петербург,2021-12-10,62810.0
2001,Москва,2021-12-11,94486.0
2002,Санкт-Петербург,2021-12-11,68981.57
2003,Самара,2021-12-11,30676.5
2004,Тольятти,2021-12-11,26985.64
2005,Самара,2021-12-12,34759.13
2006,Тольятти,2021-12-12,23598.51
2007,Москва,2021-12-12,100063.12
2008,Санкт-Петербург,2021-12-12,67104.0
2009,Москва,2021-12-13,136273.76
2010,Самара,2021-12-13,53213.53
2011,Тольятти,2021-12-13,47403.85
2012,Санкт-Петербург,2021-12-13,72784.18
2013,Москва,2021-12-14,132359.4
2014,Самара,2021-12-14,37934.99
2015,Тольятти,2021-12-14,32012.91
2016,Санкт-Петербург,2021-12-14,66301.25
2017,Санкт-Петербург,2021-12-15,62114.2
2018,Тольятти,2021-12-15,30511.94
2019,Самара,2021-12-15,22527.96
2020,Москва,2021-12-15,115239.28
2021,Самара,2021-12-16,25018.86
2022,Санкт-Петербург,2021-12-16,74440.8
2023,Тольятти,2021-12-16,23598.51
2024,Москва,2021-12-16,114105.04
2025,Тольятти,2021-12-17,22260.03
2026,Санкт-Петербург,2021-12-17,68071.18
2027,Самара,2021-12-17,29482.58
2028,Москва,2021-12-17,114095.12
2029,Тольятти,2021-12-18,16217.0
2030,Москва,2021-12-18,88431.64
2031,Самара,2021-12-18,22988.32
2032,Санкт-Петербург,2021-12-18,69825.6
2033,Самара,2021-12-19,19718.4
2034,Санкт-Петербург,2021-12-19,61761.6
2035,Москва,2021-12-19,83649.23
2036,Тольятти,2021-12-19,17244.11
2037,Самара,2021-12-20,52437.75
2038,Санкт-Петербург,2021-12-20,74452.76
2039,Тольятти,2021-12-20,45526.42
2040,Москва,2021-12-20,161103.37
2041,Москва,2021-12-21,156363.8
2042,Самара,2021-12-21,39250.0
2043,Тольятти,2021-12-21,38420.95
2044,Санкт-Петербург,2021-12-21,68744.6
2045,Тольятти,2021-12-22,39022.91
2046,Самара,2021-12-22,52479.06
2047,Москва,2021-12-22,113707.0
2048,Санкт-Петербург,2021-12-22,66767.2
2049,Тольятти,2021-12-23,44323.85
2050,Самара,2021-12-23,28903.86
2051,Москва,2021-12-23,140092.4
2052,Санкт-Петербург,2021-12-23,63486.08
2053,Самара,2021-12-24,28767.1
2054,Тольятти,2021-12-24,17047.42
2055,Москва,2021-12-24,123341.6
2056,Санкт-Петербург,2021-12-24,68549.2
2057,Тольятти,2021-12-25,15715.31
2058,Самара,2021-12-25,20654.6
2059,Москва,2021-12-25,108371.0
2060,Санкт-Петербург,2021-12-25,56759.09
2061,Москва,2021-12-26,113351.46
2062,Тольятти,2021-12-26,16966.43
2063,Самара,2021-12-26,27011.92
2064,Санкт-Петербург,2021-12-26,60209.18
2065,Самара,2021-12-27,43738.12
2066,Тольятти,2021-12-27,17031.69
2067,Санкт-Петербург,2021-12-27,64037.72
2068,Москва,2021-12-27,169091.4
2069,Самара,2021-12-28,23797.16
2070,Москва,2021-12-28,136743.2
2071,Санкт-Петербург,2021-12-28,69823.16
2072,Тольятти,2021-12-28,31228.64
2073,Санкт-Петербург,2021-12-29,72429.69
2074,Москва,2021-12-29,148061.16
2075,Тольятти,2021-12-29,81788.75
2076,Самара,2021-12-29,67164.24
2077,Тольятти,2021-12-30,19979.44
2078,Самара,2021-12-30,25718.4
2079,Москва,2021-12-30,124670.9
2080,Санкт-Петербург,2021-12-30,75870.94
2081,Тольятти,2021-12-31,34868.34
2082,Самара,2021-12-31,68086.08
2083,Москва,2021-12-31,98281.65
2084,Санкт-Петербург,2021-12-31,72619.2
2085,Санкт-Петербург,2022-01-01,64387.24
2086,Самара,2022-01-01,24364.8
2087,Тольятти,2022-01-01,26208.91
2088,Москва,2022-01-01,87345.2
2089,Москва,2022-01-02,92064.84
2090,Самара,2022-01-02,26993.6
2091,Тольятти,2022-01-02,27138.07
2092,Санкт-Петербург,2022-01-02,64666.0
2093,Тольятти,2022-01-03,34593.65
2094,Самара,2022-01-03,31132.8
2095,Москва,2022-01-03,85272.0
2096,Санкт-Петербург,2022-01-03,69039.2
2097,Москва,2022-01-04,110219.0
2098,Самара,2022-01-04,58204.8
2099,Тольятти,2022-01-04,57658.51
2100,Санкт-Петербург,2022-01-04,65760.4
2101,Самара,2022-01-05,47526.4
2102,Санкт-Петербург,2022-01-05,68914.0
2103,Тольятти,2022-01-05,36692.11
2104,Москва,2022-01-05,107604.4
2105,Москва,2022-01-06,119247.8
2106,Самара,2022-01-06,30206.3
2107,Санкт-Петербург,2022-01-06,66829.2
2108,Тольятти,2022-01-06,44556.33
2109,Тольятти,2022-01-07,30139.2
2110,Самара,2022-01-07,29466.18
2111,Москва,2022-01-07,110306.6
2112,Санкт-Петербург,2022-01-07,61811.02
2113,Самара,2022-01-08,28285.54
2114,Санкт-Петербург,2022-01-08,59944.82
2115,Тольятти,2022-01-08,28197.49
2116,Москва,2022-01-08,100297.4
2117,Самара,2022-01-09,25718.4
2118,Москва,2022-01-09,96482.4
2119,Тольятти,2022-01-09,26209.82
2120,Санкт-Петербург,2022-01-09,72730.0
2121,Тольятти,2022-01-10,35381.71
2122,Самара,2022-01-10,54144.0
2123,Москва,2022-01-10,221682.0
2124,Санкт-Петербург,2022-01-10,68606.1
2125,Тольятти,2022-01-11,53432.47
2126,Самара,2022-01-11,33479.98
2127,Санкт-Петербург,2022-01-11,56961.44
2128,Москва,2022-01-11,118886.4
2129,Самара,2022-01-12,45991.38
2130,Тольятти,2022-01-12,32237.45
2131,Москва,2022-01-12,128739.2
2132,Санкт-Петербург,2022-01-12,64536.47
2133,Самара,2022-01-13,21595.56
2134,Тольятти,2022-01-13,32760.0
2135,Москва,2022-01-13,131794.6
2136,Санкт-Петербург,2022-01-13,66035.7
2137,Самара,2022-01-14,36547.2
2138,Тольятти,2022-01-14,43467.06
2139,Москва,2022-01-14,136867.65
2140,Санкт-Петербург,2022-01-14,67952.5
2141,Тольятти,2022-01-15,27519.31
2142,Самара,2022-01-15,25718.4
2143,Москва,2022-01-15,104206.28
2144,Санкт-Петербург,2022-01-15,65540.0
2145,Самара,2022-01-16,25718.4
2146,Тольятти,2022-01-16,19656.0
2147,Москва,2022-01-16,101111.4
2148,Санкт-Петербург,2022-01-16,61313.2
2149,Тольятти,2022-01-17,42134.11
2150,Самара,2022-01-17,54144.0
2151,Москва,2022-01-17,133670.0
2152,Санкт-Петербург,2022-01-17,70874.0
2153,Самара,2022-01-18,47715.7
2154,Тольятти,2022-01-18,43065.75
2155,Москва,2022-01-18,145897.8
2156,Санкт-Петербург,2022-01-18,71186.87
2157,Самара,2022-01-19,29782.02
2158,Санкт-Петербург,2022-01-19,66033.51
2159,Москва,2022-01-19,160372.4
2160,Тольятти,2022-01-19,31451.42
2161,Тольятти,2022-01-20,31465.07
2162,Самара,2022-01-20,32376.42
2163,Москва,2022-01-20,99472.2
2164,Санкт-Петербург,2022-01-20,68558.8
2165,Самара,2022-01-21,40851.46
2166,Тольятти,2022-01-21,40232.92
2167,Москва,2022-01-21,114260.0
2168,Санкт-Петербург,2022-01-21,82529.27
2169,Самара,2022-01-22,31132.8
2170,Тольятти,2022-01-22,23498.02
2171,Москва,2022-01-22,92568.8
2172,Санкт-Петербург,2022-01-22,55137.3
2173,Самара,2022-01-23,27072.0
2174,Тольятти,2022-01-23,32760.0
2175,Москва,2022-01-23,105877.6
2176,Санкт-Петербург,2022-01-23,74069.6
2177,Самара,2022-01-24,41961.6
2178,Москва,2022-01-24,130815.8
2179,Тольятти,2022-01-24,37614.85
2180,Санкт-Петербург,2022-01-24,52674.23
2181,Санкт-Петербург,2022-01-25,65353.2
2182,Самара,2022-01-25,29781.08
2183,Тольятти,2022-01-25,36691.2
2184,Москва,2022-01-25,122840.36
2185,Самара,2022-01-26,16243.2
2186,Санкт-Петербург,2022-01-26,73217.62
2187,Тольятти,2022-01-26,20966.4
2188,Москва,2022-01-26,104246.6
2189,Самара,2022-01-27,35193.6
2190,Тольятти,2022-01-27,30139.2
2191,Санкт-Петербург,2022-01-27,79274.61
2192,Москва,2022-01-27,106635.2
2193,Тольятти,2022-01-28,34070.4
2194,Москва,2022-01-28,103658.6
2195,Самара,2022-01-28,31087.28
2196,Санкт-Петербург,2022-01-28,62736.8
2197,Москва,2022-01-29,91611.0
2198,Тольятти,2022-01-29,26208.0
2199,Самара,2022-01-29,28425.6
2200,Санкт-Петербург,2022-01-29,67099.61
2201,Самара,2022-01-30,28425.2
2202,Тольятти,2022-01-30,30139.2
2203,Москва,2022-01-30,86056.0
2204,Санкт-Петербург,2022-01-30,77462.23
2205,Тольятти,2022-01-31,46215.26
2206,Самара,2022-01-31,44668.8
2207,Санкт-Петербург,2022-01-31,60788.4
2208,Москва,2022-01-31,129425.2
2209,Самара,2022-02-01,25718.4
2210,Тольятти,2022-02-01,24897.6
2211,Москва,2022-02-01,132368.4
2212,Санкт-Петербург,2022-02-01,71167.42
2213,Тольятти,2022-02-02,19908.0
2214,Самара,2022-02-02,28427.48
2215,Москва,2022-02-02,109823.4
2216,Санкт-Петербург,2022-02-02,70860.42
2217,Санкт-Петербург,2022-02-03,72908.8
2218,Тольятти,2022-02-03,42553.6
2219,Самара,2022-02-03,32486.4
2220,Москва,2022-02-03,107902.4
2221,Самара,2022-02-04,41968.18
2222,Москва,2022-02-04,117508.2
2223,Тольятти,2022-02-04,27518.4
2224,Санкт-Петербург,2022-02-04,65644.23
2225,Москва,2022-02-05,96881.6
2226,Самара,2022-02-05,23011.2
2227,Тольятти,2022-02-05,30153.76
2228,Санкт-Петербург,2022-02-05,67096.61
2229,Москва,2022-02-06,77377.0
2230,Тольятти,2022-02-06,26208.0
2231,Самара,2022-02-06,28425.6
2232,Санкт-Петербург,2022-02-06,65952.4
2233,Тольятти,2022-02-07,62899.2
2234,Самара,2022-02-07,41647.64
2235,Москва,2022-02-07,123086.2
2236,Санкт-Петербург,2022-02-07,75319.2
2237,Тольятти,2022-02-08,40623.31
2238,Самара,2022-02-08,24364.8
2239,Москва,2022-02-08,94510.8
2240,Санкт-Петербург,2022-02-08,71618.31
2241,Самара,2022-02-09,30679.0
2242,Тольятти,2022-02-09,40625.13
2243,Санкт-Петербург,2022-02-09,68843.6
2244,Москва,2022-02-09,94107.8
2245,Самара,2022-02-10,31138.44
2246,Тольятти,2022-02-10,27518.4
2247,Москва,2022-02-10,106426.2
2248,Санкт-Петербург,2022-02-10,73109.95
2249,Тольятти,2022-02-11,31450.51
2250,Самара,2022-02-11,44088.2
2251,Санкт-Петербург,2022-02-11,79983.96
2252,Москва,2022-02-11,90275.4
2253,Москва,2022-02-12,103934.4
2254,Тольятти,2022-02-12,26209.82
2255,Самара,2022-02-12,17850.4
2256,Санкт-Петербург,2022-02-12,65440.8
2257,Тольятти,2022-02-13,41932.8
2258,Самара,2022-02-13,20304.0
2259,Москва,2022-02-13,81396.72
2260,Санкт-Петербург,2022-02-13,79000.02
2261,Тольятти,2022-02-14,22276.8
2262,Самара,2022-02-14,35193.6
2263,Санкт-Петербург,2022-02-14,76458.0
2264,Москва,2022-02-14,122173.4
2265,Тольятти,2022-02-15,40622.4
2266,Самара,2022-02-15,18904.0
2267,Санкт-Петербург,2022-02-15,80024.8
2268,Москва,2022-02-15,109846.0
2269,Самара,2022-02-16,46476.0
2270,Москва,2022-02-16,107984.0
2271,Тольятти,2022-02-16,34070.4
2272,Санкт-Петербург,2022-02-16,65321.2
2273,Тольятти,2022-02-17,51105.6
2274,Самара,2022-02-17,23011.2
2275,Санкт-Петербург,2022-02-17,79115.59
2276,Москва,2022-02-17,103632.8
2277,Самара,2022-02-18,29217.24
2278,Тольятти,2022-02-18,26208.0
2279,Москва,2022-02-18,100811.4
2280,Санкт-Петербург,2022-02-18,67377.0
2281,Москва,2022-02-19,93142.2
2282,Самара,2022-02-19,23011.2
2283,Тольятти,2022-02-19,17035.2
2284,Санкт-Петербург,2022-02-19,77557.8
2285,Тольятти,2022-02-20,24897.6
2286,Самара,2022-02-20,21657.6
2287,Москва,2022-02-20,89579.4
2288,Санкт-Петербург,2022-02-20,58169.8
2289,Тольятти,2022-02-21,28828.8
2290,Самара,2022-02-21,36547.2
2291,Санкт-Петербург,2022-02-21,74801.2
2292,Москва,2022-02-21,125276.4
2293,Москва,2022-02-22,127751.68
2294,Тольятти,2022-02-22,39312.0
2295,Самара,2022-02-22,24364.8
2296,Санкт-Петербург,2022-02-22,63496.8
2297,Тольятти,2022-02-23,67787.8
2298,Самара,2022-02-23,43315.2
2299,Санкт-Петербург,2022-02-23,71246.21
2300,Москва,2022-02-23,88560.2
2301,Тольятти,2022-02-24,51110.15
2302,Самара,2022-02-24,29779.2
2303,Санкт-Петербург,2022-02-24,63494.42
2304,Москва,2022-02-24,114016.6
2305,Тольятти,2022-02-25,40550.51
2306,Самара,2022-02-25,31132.8
2307,Санкт-Петербург,2022-02-25,69128.4
2308,Москва,2022-02-25,113340.0
2309,Самара,2022-02-26,27072.0
2310,Тольятти,2022-02-26,23587.2
2311,Москва,2022-02-26,88907.2
2312,Санкт-Петербург,2022-02-26,66886.4
2313,Тольятти,2022-02-27,23866.57
2314,Самара,2022-02-27,23011.2
2315,Москва,2022-02-27,93020.0
2316,Санкт-Петербург,2022-02-27,67188.8
2317,Тольятти,2022-02-28,44553.6
2318,Самара,2022-02-28,60912.0
2319,Санкт-Петербург,2022-02-28,73553.6
2320,Москва,2022-02-28,137294.0
2321,Самара,2022-03-01,23014.96
2322,Тольятти,2022-03-01,32760.0
2323,Москва,2022-03-01,98620.2
2324,Санкт-Петербург,2022-03-01,63492.4
2325,Тольятти,2022-03-02,31449.6
2326,Самара,2022-03-02,35193.6
2327,Санкт-Петербург,2022-03-02,68791.03
2328,Москва,2022-03-02,122901.4
2329,Тольятти,2022-03-03,30599.6
2330,Самара,2022-03-03,36547.2
2331,Санкт-Петербург,2022-03-03,72886.8
2332,Москва,2022-03-03,108828.0
2333,Самара,2022-03-04,28425.6
2334,Тольятти,2022-03-04,36391.2
2335,Санкт-Петербург,2022-03-04,69830.54
2336,Москва,2022-03-04,110714.6
2337,Тольятти,2022-03-05,24897.6
2338,Самара,2022-03-05,29779.2
2339,Санкт-Петербург,2022-03-05,68034.0
2340,Москва,2022-03-05,113706.8
2341,Самара,2022-03-06,27072.0
2342,Тольятти,2022-03-06,26208.0
2343,Санкт-Петербург,2022-03-06,73482.8
2344,Москва,2022-03-06,97721.4
2345,Тольятти,2022-03-07,24897.6
2346,Самара,2022-03-07,29779.2
2347,Москва,2022-03-07,104159.4
2348,Санкт-Петербург,2022-03-07,65725.6
2349,Самара,2022-03-08,24364.8
2350,Тольятти,2022-03-08,18345.6
2351,Москва,2022-03-08,82969.2
2352,Санкт-Петербург,2022-03-08,69124.0
2353,Тольятти,2022-03-09,47174.4
2354,Самара,2022-03-09,35193.6
2355,Санкт-Петербург,2022-03-09,72394.8
2356,Москва,2022-03-09,153469.6
2357,Тольятти,2022-03-10,36691.2
2358,Самара,2022-03-10,23626.0
2359,Москва,2022-03-10,118421.2
2360,Санкт-Петербург,2022-03-10,64168.8
2361,Самара,2022-03-11,33776.4
2362,Санкт-Петербург,2022-03-11,64982.74
2363,Тольятти,2022-03-11,37812.0
2364,Москва,2022-03-11,124916.0
2365,Тольятти,2022-03-12,14538.99
2366,Самара,2022-03-12,24875.6
2367,Санкт-Петербург,2022-03-12,70307.2
2368,Москва,2022-03-12,102459.0
2369,Тольятти,2022-03-13,19272.4
2370,Самара,2022-03-13,24364.8
2371,Москва,2022-03-13,110677.6
2372,Санкт-Петербург,2022-03-13,67405.6
2373,Тольятти,2022-03-14,44532.23
2374,Самара,2022-03-14,33840.0
2375,Санкт-Петербург,2022-03-14,94862.39
2376,Москва,2022-03-14,137415.0
2377,Самара,2022-03-15,25720.28
2378,Тольятти,2022-03-15,27518.4
2379,Москва,2022-03-15,124180.92
2380,Санкт-Петербург,2022-03-15,73351.94
2381,Самара,2022-03-16,27072.0
2382,Тольятти,2022-03-16,26208.0
2383,Санкт-Петербург,2022-03-16,79861.6
2384,Москва,2022-03-16,122486.4
2385,Самара,2022-03-17,21657.6
2386,Тольятти,2022-03-17,24436.61
2387,Москва,2022-03-17,117737.2
2388,Санкт-Петербург,2022-03-17,78212.85
2389,Самара,2022-03-18,27072.0
2390,Тольятти,2022-03-18,17282.13
2391,Санкт-Петербург,2022-03-18,74901.6
2392,Москва,2022-03-18,118709.2
2393,Самара,2022-03-19,23011.2
2394,Тольятти,2022-03-19,7864.22
2395,Санкт-Петербург,2022-03-19,80242.8
2396,Москва,2022-03-19,94544.2
2397,Самара,2022-03-20,25718.4
2398,Тольятти,2022-03-20,10483.2
2399,Санкт-Петербург,2022-03-20,76049.2
2400,Москва,2022-03-20,116840.2
2401,Санкт-Петербург,2022-03-21,71257.2
2402,Самара,2022-03-21,23011.2
2403,Москва,2022-03-21,149555.0
2404,Тольятти,2022-03-21,17035.2
2405,Самара,2022-03-22,13536.0
2406,Тольятти,2022-03-22,22082.0
2407,Санкт-Петербург,2022-03-22,71036.4
2408,Москва,2022-03-22,114658.4
2409,Самара,2022-03-23,17596.8
2410,Санкт-Петербург,2022-03-23,75636.4
2411,Москва,2022-03-23,119537.0
2412,Тольятти,2022-03-23,11793.6
2413,Самара,2022-03-24,12182.4
2414,Тольятти,2022-03-24,13744.64
2415,Москва,2022-03-24,113080.92
2416,Санкт-Петербург,2022-03-24,76235.39
2417,Самара,2022-03-25,12182.4
2418,Москва,2022-03-25,115282.4
2419,Санкт-Петербург,2022-03-25,72256.4
2420,Тольятти,2022-03-25,11043.6
2421,Самара,2022-03-26,8121.6
2422,Москва,2022-03-26,93057.4
2423,Санкт-Петербург,2022-03-26,68346.4
2424,Тольятти,2022-03-26,10074.8
2425,Самара,2022-03-27,9475.2
2426,Санкт-Петербург,2022-03-27,84386.4
2427,Москва,2022-03-27,113766.4
2428,Тольятти,2022-03-27,9172.8
2429,Тольятти,2022-03-28,14835.2
2430,Самара,2022-03-28,9475.2
2431,Москва,2022-03-28,130782.8
2432,Санкт-Петербург,2022-03-28,59056.4
2433,Тольятти,2022-03-29,16037.93
2434,Самара,2022-03-29,8121.6
2435,Москва,2022-03-29,90347.0
2436,Санкт-Петербург,2022-03-29,64546.4
2437,Тольятти,2022-03-30,14414.4
2438,Москва,2022-03-30,90061.8
2439,Самара,2022-03-30,8121.6
2440,Санкт-Петербург,2022-03-30,62896.4
2441,Тольятти,2022-03-31,10483.2
2442,Самара,2022-03-31,14889.6
2443,Москва,2022-03-31,102366.78
2444,Санкт-Петербург,2022-03-31,66636.4
2445,Самара,2022-04-01,6768.0
2446,Тольятти,2022-04-01,22276.8
2447,Москва,2022-04-01,76291.0
2448,Санкт-Петербург,2022-04-01,50096.4
2449,Москва,2022-04-02,69379.0
2450,Самара,2022-04-02,8121.6
2451,Тольятти,2022-04-02,3931.2
2452,Санкт-Петербург,2022-04-02,61246.4
2453,Самара,2022-04-03,5414.4
2454,Санкт-Петербург,2022-04-03,58446.4
2455,Тольятти,2022-04-03,1310.4
2456,Москва,2022-04-03,56915.96
2457,Самара,2022-04-04,10828.8
2458,Тольятти,2022-04-04,5241.6
2459,Санкт-Петербург,2022-04-04,40790.0
2460,Москва,2022-04-04,69680.0
2461,Самара,2022-04-05,5414.4
2462,Тольятти,2022-04-05,1920.8
2463,Москва,2022-04-05,56582.0
2464,Санкт-Петербург,2022-04-05,36340.0
2465,Тольятти,2022-04-06,7862.4
2466,Самара,2022-04-06,5414.4
2467,Санкт-Петербург,2022-04-06,36840.0
2468,Москва,2022-04-06,39330.0
2469,Самара,2022-04-07,5414.4
2470,Тольятти,2022-04-07,2620.8
2471,Санкт-Петербург,2022-04-07,38600.0
2472,Москва,2022-04-07,37552.0
2473,Самара,2022-04-08,14889.6
2474,Тольятти,2022-04-08,1946.2
2475,Москва,2022-04-08,36530.0
2476,Санкт-Петербург,2022-04-08,26600.0
2477,Самара,2022-04-09,4060.8
2478,Тольятти,2022-04-09,2620.8
2479,Санкт-Петербург,2022-04-09,42980.0
2480,Москва,2022-04-09,26020.0
2481,Самара,2022-04-10,4060.8
2482,Тольятти,2022-04-10,2620.8
2483,Санкт-Петербург,2022-04-10,34690.0
2484,Москва,2022-04-10,25645.0
2485,Самара,2022-04-11,6768.0
2486,Санкт-Петербург,2022-04-11,34690.0
2487,Москва,2022-04-11,41600.0
2488,Тольятти,2022-04-11,1310.4
2489,Тольятти,2022-04-12,1310.4
2490,Санкт-Петербург,2022-04-12,33580.0
2491,Москва,2022-04-12,23216.0
2492,Санкт-Петербург,2022-04-13,24250.0
2493,Москва,2022-04-13,29860.0
2494,Санкт-Петербург,2022-04-14,24250.0
2495,Москва,2022-04-14,25491.0
2496,Санкт-Петербург,2022-04-15,24250.0
2497,Москва,2022-04-15,17230.0
2498,Москва,2022-04-16,20530.0
2499,Санкт-Петербург,2022-04-16,24250.0
2500,Москва,2022-04-17,20530.0
2501,Санкт-Петербург,2022-04-17,22600.0
2502,Санкт-Петербург,2022-04-18,19300.0
2503,Москва,2022-04-18,18880.0
2504,Санкт-Петербург,2022-04-19,20950.0
2505,Москва,2022-04-19,18902.0
2506,Москва,2022-04-20,22246.0
2507,Санкт-Петербург,2022-04-20,20972.0
2508,Санкт-Петербург,2022-04-21,24250.0
2509,Москва,2022-04-21,20530.0
2510,Санкт-Петербург,2022-04-22,17650.0
2511,Москва,2022-04-22,1650.0
2512,Санкт-Петербург,2022-04-23,3300.0
2513,Москва,2022-05-24,250.0
2514,Москва,2022-05-25,1650.0
2515,Самара,2022-05-25,5414.4
2516,Москва,2022-06-29,1227.0
2517,Тольятти,2022-07-05,1186.64
2518,Самара,2022-08-03,6084.8
