,reg_t_title_ru,use_of_the_mobile_app,COUNT(DISTINCT users_transactions_car_id)
0,Москва,2020-01-28,1
1,Москва,2020-01-29,1
2,Москва,2020-02-14,1
3,Москва,2020-02-15,1
4,Москва,2020-02-19,1
5,Москва,2020-02-22,1
6,Москва,2020-03-05,1
7,Москва,2020-03-12,1
8,Москва,2020-03-14,2
9,Москва,2020-03-16,1
10,Москва,2020-03-20,1
11,Москва,2020-03-23,1
12,Москва,2020-03-24,1
13,Москва,2020-03-29,1
14,Москва,2020-04-03,1
15,Москва,2020-06-20,1
16,Москва,2020-06-22,1
17,Москва,2020-06-24,1
18,Москва,2020-06-26,2
19,Москва,2020-06-30,1
20,Москва,2020-07-07,1
21,Москва,2020-07-09,2
22,Москва,2020-07-10,3
23,Москва,2020-07-12,1
24,Москва,2020-07-13,5
25,Москва,2020-07-14,2
26,Москва,2020-07-15,6
27,Москва,2020-07-16,1
28,Москва,2020-07-17,8
29,Москва,2020-07-18,7
30,Москва,2020-07-19,8
31,Москва,2020-07-20,9
32,Москва,2020-07-21,11
33,Москва,2020-07-22,10
34,Москва,2020-07-23,15
35,Москва,2020-07-24,14
36,Москва,2020-07-25,19
37,Москва,2020-07-26,18
38,Москва,2020-07-27,19
39,Москва,2020-07-28,2
40,Москва,2020-07-29,2
41,Москва,2020-07-30,9
42,Москва,2020-07-31,16
43,Москва,2020-08-01,21
44,Москва,2020-08-02,23
45,Москва,2020-08-03,24
46,Москва,2020-08-04,23
47,Москва,2020-08-05,23
48,Москва,2020-08-06,19
49,Москва,2020-08-07,19
50,Москва,2020-08-08,20
51,Москва,2020-08-09,20
52,Москва,2020-08-10,22
53,Москва,2020-08-11,21
54,Москва,2020-08-12,23
55,Москва,2020-08-13,25
56,Москва,2020-08-14,29
57,Москва,2020-08-15,22
58,Москва,2020-08-16,24
59,Москва,2020-08-17,27
60,Москва,2020-08-18,23
61,Москва,2020-08-19,22
62,Москва,2020-08-20,30
63,Москва,2020-08-21,28
64,Москва,2020-08-22,29
65,Москва,2020-08-23,29
66,Москва,2020-08-24,32
67,Москва,2020-08-25,25
68,Москва,2020-08-26,26
69,Москва,2020-08-27,26
70,Москва,2020-08-28,29
71,Москва,2020-08-29,25
72,Москва,2020-08-30,29
73,Москва,2020-08-31,32
74,Москва,2020-09-01,31
75,Москва,2020-09-02,27
76,Москва,2020-09-03,32
77,Москва,2020-09-04,33
78,Москва,2020-09-05,34
79,Москва,2020-09-06,38
80,Москва,2020-09-07,45
81,Москва,2020-09-08,40
82,Москва,2020-09-09,47
83,Москва,2020-09-10,44
84,Москва,2020-09-11,54
85,Москва,2020-09-12,52
86,Москва,2020-09-13,58
87,Москва,2020-09-14,58
88,Москва,2020-09-15,54
89,Москва,2020-09-16,58
90,Москва,2020-09-17,62
91,Москва,2020-09-18,60
92,Москва,2020-09-19,58
93,Москва,2020-09-20,58
94,Москва,2020-09-21,62
95,Москва,2020-09-22,56
96,Москва,2020-09-23,55
97,Москва,2020-09-24,60
98,Москва,2020-09-25,64
99,Москва,2020-09-26,62
100,Москва,2020-09-27,68
101,Москва,2020-09-28,73
102,Москва,2020-09-29,65
103,Москва,2020-09-30,64
104,Москва,2020-10-01,72
105,Москва,2020-10-02,68
106,Москва,2020-10-03,66
107,Москва,2020-10-04,72
108,Москва,2020-10-05,75
109,Москва,2020-10-06,73
110,Москва,2020-10-07,73
111,Москва,2020-10-08,74
112,Москва,2020-10-09,72
113,Москва,2020-10-10,71
114,Москва,2020-10-11,75
115,Москва,2020-10-12,77
116,Москва,2020-10-13,70
117,Москва,2020-10-14,71
118,Москва,2020-10-15,77
119,Москва,2020-10-16,72
120,Москва,2020-10-17,72
121,Москва,2020-10-18,75
122,Москва,2020-10-19,80
123,Москва,2020-10-20,70
124,Москва,2020-10-21,67
125,Москва,2020-10-22,71
126,Москва,2020-10-23,76
127,Москва,2020-10-24,76
128,Москва,2020-10-25,78
129,Москва,2020-10-26,82
130,Москва,2020-10-27,80
131,Москва,2020-10-28,82
132,Москва,2020-10-29,83
133,Москва,2020-10-30,74
134,Москва,2020-10-31,77
135,Москва,2020-11-01,80
136,Москва,2020-11-02,85
137,Москва,2020-11-03,72
138,Москва,2020-11-04,71
139,Москва,2020-11-05,80
140,Москва,2020-11-06,71
141,Москва,2020-11-07,67
142,Москва,2020-11-08,73
143,Москва,2020-11-09,83
144,Москва,2020-11-10,76
145,Москва,2020-11-11,76
146,Москва,2020-11-12,86
147,Москва,2020-11-13,85
148,Москва,2020-11-14,76
149,Москва,2020-11-15,78
150,Москва,2020-11-16,82
151,Москва,2020-11-17,74
152,Москва,2020-11-18,63
153,Москва,2020-11-19,76
154,Москва,2020-11-20,77
155,Москва,2020-11-21,75
156,Москва,2020-11-22,78
157,Москва,2020-11-23,80
158,Москва,2020-11-24,66
159,Москва,2020-11-25,78
160,Москва,2020-11-26,80
161,Москва,2020-11-27,81
162,Москва,2020-11-28,77
163,Москва,2020-11-29,82
164,Москва,2020-11-30,86
165,Москва,2020-12-01,80
166,Москва,2020-12-02,79
167,Москва,2020-12-03,81
168,Москва,2020-12-04,78
169,Москва,2020-12-05,76
170,Москва,2020-12-06,79
171,Москва,2020-12-07,81
172,Москва,2020-12-08,73
173,Москва,2020-12-09,70
174,Москва,2020-12-10,79
175,Москва,2020-12-11,80
176,Москва,2020-12-12,77
177,Москва,2020-12-13,84
178,Москва,2020-12-14,84
179,Москва,2020-12-15,81
180,Москва,2020-12-16,77
181,Москва,2020-12-17,78
182,Москва,2020-12-18,85
183,Москва,2020-12-19,73
184,Москва,2020-12-20,86
185,Москва,2020-12-21,87
186,Москва,2020-12-22,85
187,Москва,2020-12-23,83
188,Москва,2020-12-24,88
189,Москва,2020-12-25,89
190,Москва,2020-12-26,89
191,Москва,2020-12-27,90
192,Москва,2020-12-28,90
193,Москва,2020-12-29,82
194,Москва,2020-12-30,78
195,Москва,2020-12-31,76
196,Москва,2021-01-01,70
197,Москва,2021-01-02,59
198,Москва,2021-01-03,70
199,Москва,2021-01-04,66
200,Москва,2021-01-05,69
201,Москва,2021-01-06,66
202,Москва,2021-01-07,62
203,Москва,2021-01-08,64
204,Москва,2021-01-09,66
205,Москва,2021-01-10,65
206,Москва,2021-01-11,74
207,Москва,2021-01-12,58
208,Москва,2021-01-13,72
209,Москва,2021-01-14,82
210,Москва,2021-01-15,79
211,Москва,2021-01-16,81
212,Москва,2021-01-17,83
213,Москва,2021-01-18,88
214,Москва,2021-01-19,84
215,Москва,2021-01-20,90
216,Москва,2021-01-21,90
217,Москва,2021-01-22,92
218,Москва,2021-01-23,91
219,Москва,2021-01-24,93
220,Москва,2021-01-25,90
221,Москва,2021-01-26,90
222,Москва,2021-01-27,91
223,Москва,2021-01-28,91
224,Москва,2021-01-29,95
225,Москва,2021-01-30,94
226,Москва,2021-01-31,98
227,Москва,2021-02-01,97
228,Москва,2021-02-02,94
229,Москва,2021-02-03,95
230,Москва,2021-02-04,96
231,Москва,2021-02-05,96
232,Москва,2021-02-06,94
233,Москва,2021-02-07,94
234,Москва,2021-02-08,97
235,Москва,2021-02-09,95
236,Москва,2021-02-10,98
237,Москва,2021-02-11,95
238,Москва,2021-02-12,97
239,Москва,2021-02-13,92
240,Москва,2021-02-14,95
241,Москва,2021-02-15,95
242,Москва,2021-02-16,92
243,Москва,2021-02-17,92
244,Москва,2021-02-18,98
245,Москва,2021-02-19,94
246,Москва,2021-02-20,93
247,Москва,2021-02-21,94
248,Москва,2021-02-22,94
249,Москва,2021-02-23,95
250,Москва,2021-02-24,96
251,Москва,2021-02-25,93
252,Москва,2021-02-26,96
253,Москва,2021-02-27,89
254,Москва,2021-02-28,92
255,Москва,2021-03-01,97
256,Москва,2021-03-02,93
257,Москва,2021-03-03,99
258,Москва,2021-03-04,100
259,Москва,2021-03-05,102
260,Москва,2021-03-06,94
261,Москва,2021-03-07,96
262,Москва,2021-03-08,97
263,Москва,2021-03-09,99
264,Москва,2021-03-10,96
265,Москва,2021-03-11,96
266,Москва,2021-03-12,100
267,Москва,2021-03-13,98
268,Москва,2021-03-14,99
269,Москва,2021-03-15,99
270,Москва,2021-03-16,99
271,Москва,2021-03-17,101
272,Москва,2021-03-18,104
273,Москва,2021-03-19,101
274,Москва,2021-03-20,102
275,Москва,2021-03-21,102
276,Москва,2021-03-22,102
277,Москва,2021-03-23,97
278,Москва,2021-03-24,96
279,Москва,2021-03-25,95
280,Москва,2021-03-26,98
281,Москва,2021-03-27,97
282,Москва,2021-03-28,100
283,Москва,2021-03-29,101
284,Москва,2021-03-30,98
285,Москва,2021-03-31,96
286,Москва,2021-04-01,102
287,Москва,2021-04-02,102
288,Москва,2021-04-03,98
289,Москва,2021-04-04,101
290,Москва,2021-04-05,100
291,Москва,2021-04-06,97
292,Москва,2021-04-07,102
293,Москва,2021-04-08,1
294,Москва,2021-04-09,98
295,Москва,2021-04-10,95
296,Москва,2021-04-11,94
297,Москва,2021-04-12,93
298,Москва,2021-04-13,91
299,Москва,2021-04-14,91
300,Москва,2021-04-15,97
301,Москва,2021-04-16,99
302,Москва,2021-04-17,94
303,Москва,2021-04-18,98
304,Москва,2021-04-19,99
305,Москва,2021-04-20,97
306,Москва,2021-04-21,95
307,Москва,2021-04-22,97
308,Москва,2021-04-23,102
309,Москва,2021-04-24,99
310,Москва,2021-04-25,99
311,Москва,2021-04-26,103
312,Москва,2021-04-27,93
313,Москва,2021-04-28,94
314,Москва,2021-04-29,99
315,Москва,2021-04-30,97
316,Москва,2021-05-01,94
317,Москва,2021-05-02,93
318,Москва,2021-05-03,92
319,Москва,2021-05-04,91
320,Москва,2021-05-05,92
321,Москва,2021-05-06,88
322,Москва,2021-05-07,90
323,Москва,2021-05-08,86
324,Москва,2021-05-09,87
325,Москва,2021-05-10,89
326,Москва,2021-05-11,93
327,Москва,2021-05-12,67
328,Москва,2021-05-13,41
329,Москва,2021-05-14,63
330,Москва,2021-05-15,93
331,Москва,2021-05-16,97
332,Москва,2021-05-17,92
333,Москва,2021-05-18,92
334,Москва,2021-05-19,88
335,Москва,2021-05-20,96
336,Москва,2021-05-21,95
337,Москва,2021-05-22,96
338,Москва,2021-05-23,94
339,Москва,2021-05-24,96
340,Москва,2021-05-25,93
341,Москва,2021-05-26,94
342,Москва,2021-05-27,97
343,Москва,2021-05-28,93
344,Москва,2021-05-29,94
345,Москва,2021-05-30,95
346,Москва,2021-05-31,97
347,Москва,2021-06-01,92
348,Москва,2021-06-02,92
349,Москва,2021-06-03,87
350,Москва,2021-06-04,89
351,Москва,2021-06-05,88
352,Москва,2021-06-06,89
353,Москва,2021-06-07,90
354,Москва,2021-06-08,88
355,Москва,2021-06-09,87
356,Москва,2021-06-10,85
357,Москва,2021-06-11,86
358,Москва,2021-06-12,84
359,Москва,2021-06-13,86
360,Москва,2021-06-14,86
361,Москва,2021-06-15,85
362,Москва,2021-06-16,84
363,Москва,2021-06-17,81
364,Москва,2021-06-18,83
365,Москва,2021-06-19,73
366,Москва,2021-06-20,76
367,Москва,2021-06-21,77
368,Москва,2021-06-22,71
369,Москва,2021-06-23,74
370,Москва,2021-06-24,72
371,Москва,2021-06-25,71
372,Москва,2021-06-26,70
373,Москва,2021-06-27,70
374,Москва,2021-06-28,71
375,Москва,2021-06-29,71
376,Москва,2021-06-30,71
377,Москва,2021-07-01,73
378,Москва,2021-07-02,69
379,Москва,2021-07-03,68
380,Москва,2021-07-04,70
381,Москва,2021-07-05,72
382,Москва,2021-07-06,70
383,Москва,2021-07-07,71
384,Москва,2021-07-08,69
385,Москва,2021-07-09,70
386,Москва,2021-07-10,69
387,Москва,2021-07-11,68
388,Москва,2021-07-12,67
389,Москва,2021-07-13,65
390,Москва,2021-07-14,65
391,Москва,2021-07-15,60
392,Москва,2021-07-16,49
393,Москва,2021-07-17,52
394,Москва,2021-07-18,52
395,Москва,2021-07-19,56
396,Москва,2021-07-20,50
397,Москва,2021-07-21,55
398,Москва,2021-07-22,53
399,Москва,2021-07-23,53
400,Москва,2021-07-24,53
401,Москва,2021-07-25,54
402,Москва,2021-07-26,54
403,Москва,2021-07-27,54
404,Москва,2021-07-28,56
405,Москва,2021-07-29,56
406,Москва,2021-07-30,54
407,Москва,2021-07-31,49
408,Москва,2021-08-01,48
409,Москва,2021-08-02,52
410,Москва,2021-08-03,48
411,Москва,2021-08-04,51
412,Москва,2021-08-05,49
413,Москва,2021-08-06,50
414,Москва,2021-08-07,48
415,Москва,2021-08-08,50
416,Москва,2021-08-09,52
417,Москва,2021-08-10,49
418,Москва,2021-08-11,49
419,Москва,2021-08-12,52
420,Москва,2021-08-13,53
421,Москва,2021-08-14,50
422,Москва,2021-08-15,51
423,Москва,2021-08-16,52
424,Москва,2021-08-17,50
425,Москва,2021-08-18,49
426,Москва,2021-08-19,52
427,Москва,2021-08-20,50
428,Москва,2021-08-21,47
429,Москва,2021-08-22,51
430,Москва,2021-08-23,52
431,Москва,2021-08-24,49
432,Москва,2021-08-25,49
433,Москва,2021-08-26,47
434,Москва,2021-08-27,50
435,Москва,2021-08-28,51
436,Москва,2021-08-29,51
437,Москва,2021-08-30,53
438,Москва,2021-08-31,54
439,Москва,2021-09-01,53
440,Москва,2021-09-02,57
441,Москва,2021-09-03,57
442,Москва,2021-09-04,56
443,Москва,2021-09-05,57
444,Москва,2021-09-06,60
445,Москва,2021-09-07,57
446,Москва,2021-09-08,60
447,Москва,2021-09-09,60
448,Москва,2021-09-10,59
449,Москва,2021-09-11,58
450,Москва,2021-09-12,58
451,Москва,2021-09-13,61
452,Москва,2021-09-14,61
453,Москва,2021-09-15,64
454,Москва,2021-09-16,63
455,Москва,2021-09-17,65
456,Москва,2021-09-18,63
457,Москва,2021-09-19,63
458,Москва,2021-09-20,64
459,Москва,2021-09-21,63
460,Москва,2021-09-22,64
461,Москва,2021-09-23,66
462,Москва,2021-09-24,67
463,Москва,2021-09-25,65
464,Москва,2021-09-26,65
465,Москва,2021-09-27,67
466,Москва,2021-09-28,67
467,Москва,2021-09-29,71
468,Москва,2021-09-30,69
469,Москва,2021-10-01,72
470,Москва,2021-10-02,70
471,Москва,2021-10-03,70
472,Москва,2021-10-04,71
473,Москва,2021-10-05,70
474,Москва,2021-10-06,73
475,Москва,2021-10-07,71
476,Москва,2021-10-08,72
477,Москва,2021-10-09,69
478,Москва,2021-10-10,69
479,Москва,2021-10-11,73
480,Москва,2021-10-12,68
481,Москва,2021-10-13,71
482,Москва,2021-10-14,71
483,Москва,2021-10-15,76
484,Москва,2021-10-16,75
485,Москва,2021-10-17,74
486,Москва,2021-10-18,77
487,Москва,2021-10-19,74
488,Москва,2021-10-20,79
489,Москва,2021-10-21,76
490,Москва,2021-10-22,79
491,Москва,2021-10-23,79
492,Москва,2021-10-24,80
493,Москва,2021-10-25,81
494,Москва,2021-10-26,82
495,Москва,2021-10-27,82
496,Москва,2021-10-28,80
497,Москва,2021-10-29,78
498,Москва,2021-10-30,79
499,Москва,2021-10-31,79
500,Москва,2021-11-01,79
501,Москва,2021-11-02,77
502,Москва,2021-11-03,74
503,Москва,2021-11-04,73
504,Москва,2021-11-05,72
505,Москва,2021-11-06,72
506,Москва,2021-11-07,72
507,Москва,2021-11-08,76
508,Москва,2021-11-09,77
509,Москва,2021-11-10,77
510,Москва,2021-11-11,76
511,Москва,2021-11-12,76
512,Москва,2021-11-13,75
513,Москва,2021-11-14,75
514,Москва,2021-11-15,76
515,Москва,2021-11-16,73
516,Москва,2021-11-17,69
517,Москва,2021-11-18,72
518,Москва,2021-11-19,72
519,Москва,2021-11-20,71
520,Москва,2021-11-21,73
521,Москва,2021-11-22,76
522,Москва,2021-11-23,71
523,Москва,2021-11-24,75
524,Москва,2021-11-25,73
525,Москва,2021-11-26,76
526,Москва,2021-11-27,73
527,Москва,2021-11-28,74
528,Москва,2021-11-29,77
529,Москва,2021-11-30,71
530,Москва,2021-12-01,71
531,Москва,2021-12-02,62
532,Москва,2021-12-03,64
533,Москва,2021-12-04,67
534,Москва,2021-12-05,67
535,Москва,2021-12-06,73
536,Москва,2021-12-07,70
537,Москва,2021-12-08,72
538,Москва,2021-12-09,72
539,Москва,2021-12-10,71
540,Москва,2021-12-11,75
541,Москва,2021-12-12,74
542,Москва,2021-12-13,79
543,Москва,2021-12-14,75
544,Москва,2021-12-15,76
545,Москва,2021-12-16,77
546,Москва,2021-12-17,76
547,Москва,2021-12-18,74
548,Москва,2021-12-19,80
549,Москва,2021-12-20,79
550,Москва,2021-12-21,79
551,Москва,2021-12-22,80
552,Москва,2021-12-23,85
553,Москва,2021-12-24,85
554,Москва,2021-12-25,83
555,Москва,2021-12-26,83
556,Москва,2021-12-27,84
557,Москва,2021-12-28,78
558,Москва,2021-12-29,82
559,Москва,2021-12-30,82
560,Москва,2021-12-31,74
561,Москва,2022-01-01,73
562,Москва,2022-01-02,73
563,Москва,2022-01-03,71
564,Москва,2022-01-04,75
565,Москва,2022-01-05,82
566,Москва,2022-01-06,84
567,Москва,2022-01-07,86
568,Москва,2022-01-08,85
569,Москва,2022-01-09,85
570,Москва,2022-01-10,85
571,Москва,2022-01-11,85
572,Москва,2022-01-12,84
573,Москва,2022-01-13,82
574,Москва,2022-01-14,84
575,Москва,2022-01-15,83
576,Москва,2022-01-16,83
577,Москва,2022-01-17,83
578,Москва,2022-01-18,82
579,Москва,2022-01-19,81
580,Москва,2022-01-20,79
581,Москва,2022-01-21,80
582,Москва,2022-01-22,79
583,Москва,2022-01-23,79
584,Москва,2022-01-24,78
585,Москва,2022-01-25,75
586,Москва,2022-01-26,74
587,Москва,2022-01-27,75
588,Москва,2022-01-28,74
589,Москва,2022-01-29,75
590,Москва,2022-01-30,75
591,Москва,2022-01-31,74
592,Москва,2022-02-01,70
593,Москва,2022-02-02,68
594,Москва,2022-02-03,66
595,Москва,2022-02-04,68
596,Москва,2022-02-05,68
597,Москва,2022-02-06,68
598,Москва,2022-02-07,67
599,Москва,2022-02-08,66
600,Москва,2022-02-09,63
601,Москва,2022-02-10,62
602,Москва,2022-02-11,63
603,Москва,2022-02-12,65
604,Москва,2022-02-13,64
605,Москва,2022-02-14,62
606,Москва,2022-02-15,67
607,Москва,2022-02-16,64
608,Москва,2022-02-17,65
609,Москва,2022-02-18,66
610,Москва,2022-02-19,66
611,Москва,2022-02-20,65
612,Москва,2022-02-21,64
613,Москва,2022-02-22,63
614,Москва,2022-02-23,67
615,Москва,2022-02-24,67
616,Москва,2022-02-25,67
617,Москва,2022-02-26,67
618,Москва,2022-02-27,67
619,Москва,2022-02-28,65
620,Москва,2022-03-01,67
621,Москва,2022-03-02,66
622,Москва,2022-03-03,66
623,Москва,2022-03-04,67
624,Москва,2022-03-05,65
625,Москва,2022-03-06,66
626,Москва,2022-03-07,66
627,Москва,2022-03-08,66
628,Москва,2022-03-09,65
629,Москва,2022-03-10,68
630,Москва,2022-03-11,69
631,Москва,2022-03-12,71
632,Москва,2022-03-13,71
633,Москва,2022-03-14,64
634,Москва,2022-03-15,59
635,Москва,2022-03-16,59
636,Москва,2022-03-17,60
637,Москва,2022-03-18,63
638,Москва,2022-03-19,66
639,Москва,2022-03-20,66
640,Москва,2022-03-21,64
641,Москва,2022-03-22,63
642,Москва,2022-03-23,55
643,Москва,2022-03-24,59
644,Москва,2022-03-25,66
645,Москва,2022-03-26,63
646,Москва,2022-03-27,62
647,Москва,2022-03-28,53
648,Москва,2022-03-29,55
649,Москва,2022-03-30,53
650,Москва,2022-03-31,50
651,Москва,2022-04-01,42
652,Москва,2022-04-02,40
653,Москва,2022-04-03,39
654,Москва,2022-04-04,31
655,Москва,2022-04-05,23
656,Москва,2022-04-06,20
657,Москва,2022-04-07,21
658,Москва,2022-04-08,19
659,Москва,2022-04-09,17
660,Москва,2022-04-10,18
661,Москва,2022-04-11,16
662,Москва,2022-04-12,16
663,Москва,2022-04-13,14
664,Москва,2022-04-14,12
665,Москва,2022-04-15,12
666,Москва,2022-04-16,12
667,Москва,2022-04-17,12
668,Москва,2022-04-18,11
669,Москва,2022-04-19,12
670,Москва,2022-04-20,12
671,Москва,2022-04-21,12
672,Москва,2022-04-22,4
673,Самара,2020-09-28,2
674,Самара,2020-09-30,2
675,Самара,2020-10-01,2
676,Самара,2020-10-02,2
677,Самара,2020-10-03,2
678,Самара,2020-10-04,2
679,Самара,2020-10-05,2
680,Самара,2020-10-06,2
681,Самара,2020-10-07,2
682,Самара,2020-10-08,2
683,Самара,2020-10-09,2
684,Самара,2020-10-10,2
685,Самара,2020-10-11,2
686,Самара,2020-10-12,2
687,Самара,2020-10-13,2
688,Самара,2020-10-14,2
689,Самара,2020-10-15,1
690,Самара,2020-10-16,2
691,Самара,2020-10-17,2
692,Самара,2020-10-18,2
693,Самара,2020-10-19,2
694,Самара,2020-10-20,2
695,Самара,2020-10-21,2
696,Самара,2020-10-22,2
697,Самара,2020-10-23,2
698,Самара,2020-10-24,2
699,Самара,2020-10-25,2
700,Самара,2020-10-26,2
701,Самара,2020-10-27,1
702,Самара,2020-10-28,1
703,Самара,2020-10-29,1
704,Самара,2020-10-30,2
705,Самара,2020-10-31,1
706,Самара,2020-11-01,2
707,Самара,2020-11-02,2
708,Самара,2020-11-03,2
709,Самара,2020-11-04,2
710,Самара,2020-11-05,2
711,Самара,2020-11-06,2
712,Самара,2020-11-07,2
713,Самара,2020-11-08,2
714,Самара,2020-11-09,2
715,Самара,2020-11-10,2
716,Самара,2020-11-11,2
717,Самара,2020-11-12,2
718,Самара,2020-11-13,2
719,Самара,2020-11-14,1
720,Самара,2020-11-15,2
721,Самара,2020-11-16,1
722,Самара,2020-11-17,1
723,Самара,2020-11-18,2
724,Самара,2020-11-19,2
725,Самара,2020-11-20,2
726,Самара,2020-11-21,2
727,Самара,2020-11-22,2
728,Самара,2020-11-23,2
729,Самара,2020-11-24,2
730,Самара,2020-11-25,2
731,Самара,2020-11-26,2
732,Самара,2020-11-27,2
733,Самара,2020-11-28,2
734,Самара,2020-11-29,2
735,Самара,2020-11-30,2
736,Самара,2020-12-01,2
737,Самара,2020-12-02,2
738,Самара,2020-12-03,1
739,Самара,2020-12-04,2
740,Самара,2020-12-05,1
741,Самара,2020-12-06,2
742,Самара,2020-12-07,1
743,Самара,2020-12-08,1
744,Самара,2020-12-09,1
745,Самара,2020-12-10,1
746,Самара,2020-12-11,1
747,Самара,2020-12-12,1
748,Самара,2020-12-13,1
749,Самара,2020-12-14,2
750,Самара,2020-12-15,1
751,Самара,2020-12-16,2
752,Самара,2020-12-17,3
753,Самара,2020-12-18,1
754,Самара,2020-12-19,1
755,Самара,2020-12-20,2
756,Самара,2020-12-21,2
757,Самара,2020-12-22,2
758,Самара,2020-12-23,2
759,Самара,2020-12-24,2
760,Самара,2020-12-25,2
761,Самара,2020-12-26,2
762,Самара,2020-12-27,2
763,Самара,2020-12-28,2
764,Самара,2020-12-29,2
765,Самара,2020-12-30,2
766,Самара,2020-12-31,2
767,Самара,2021-01-01,1
768,Самара,2021-01-02,1
769,Самара,2021-01-03,1
770,Самара,2021-01-04,2
771,Самара,2021-01-05,1
772,Самара,2021-01-06,2
773,Самара,2021-01-07,2
774,Самара,2021-01-08,2
775,Самара,2021-01-09,2
776,Самара,2021-01-10,1
777,Самара,2021-01-11,2
778,Самара,2021-01-12,1
779,Самара,2021-01-13,2
780,Самара,2021-01-14,2
781,Самара,2021-01-15,2
782,Самара,2021-01-16,2
783,Самара,2021-01-17,2
784,Самара,2021-01-18,2
785,Самара,2021-01-19,2
786,Самара,2021-01-20,2
787,Самара,2021-01-21,2
788,Самара,2021-01-22,2
789,Самара,2021-01-23,2
790,Самара,2021-01-24,2
791,Самара,2021-01-25,2
792,Самара,2021-01-26,2
793,Самара,2021-01-27,2
794,Самара,2021-01-28,2
795,Самара,2021-01-29,2
796,Самара,2021-01-30,2
797,Самара,2021-01-31,2
798,Самара,2021-02-01,2
799,Самара,2021-02-02,2
800,Самара,2021-02-03,2
801,Самара,2021-02-04,2
802,Самара,2021-02-05,4
803,Самара,2021-02-06,2
804,Самара,2021-02-07,4
805,Самара,2021-02-08,5
806,Самара,2021-02-09,8
807,Самара,2021-02-10,5
808,Самара,2021-02-11,10
809,Самара,2021-02-12,9
810,Самара,2021-02-13,9
811,Самара,2021-02-14,10
812,Самара,2021-02-15,10
813,Самара,2021-02-16,10
814,Самара,2021-02-17,8
815,Самара,2021-02-18,12
816,Самара,2021-02-19,14
817,Самара,2021-02-20,14
818,Самара,2021-02-21,14
819,Самара,2021-02-22,17
820,Самара,2021-02-23,16
821,Самара,2021-02-24,16
822,Самара,2021-02-25,21
823,Самара,2021-02-26,21
824,Самара,2021-02-27,21
825,Самара,2021-02-28,22
826,Самара,2021-03-01,23
827,Самара,2021-03-02,25
828,Самара,2021-03-03,24
829,Самара,2021-03-04,26
830,Самара,2021-03-05,24
831,Самара,2021-03-06,25
832,Самара,2021-03-07,24
833,Самара,2021-03-08,25
834,Самара,2021-03-09,26
835,Самара,2021-03-10,26
836,Самара,2021-03-11,28
837,Самара,2021-03-12,27
838,Самара,2021-03-13,26
839,Самара,2021-03-14,26
840,Самара,2021-03-15,28
841,Самара,2021-03-16,29
842,Самара,2021-03-17,28
843,Самара,2021-03-18,29
844,Самара,2021-03-19,31
845,Самара,2021-03-20,31
846,Самара,2021-03-21,30
847,Самара,2021-03-22,31
848,Самара,2021-03-23,29
849,Самара,2021-03-24,31
850,Самара,2021-03-25,31
851,Самара,2021-03-26,33
852,Самара,2021-03-27,33
853,Самара,2021-03-28,33
854,Самара,2021-03-29,36
855,Самара,2021-03-30,35
856,Самара,2021-03-31,35
857,Самара,2021-04-01,34
858,Самара,2021-04-02,34
859,Самара,2021-04-03,34
860,Самара,2021-04-04,34
861,Самара,2021-04-05,34
862,Самара,2021-04-06,34
863,Самара,2021-04-07,33
864,Самара,2021-04-09,34
865,Самара,2021-04-10,32
866,Самара,2021-04-11,33
867,Самара,2021-04-12,33
868,Самара,2021-04-13,29
869,Самара,2021-04-14,33
870,Самара,2021-04-15,33
871,Самара,2021-04-16,33
872,Самара,2021-04-17,31
873,Самара,2021-04-18,31
874,Самара,2021-04-19,33
875,Самара,2021-04-20,32
876,Самара,2021-04-21,32
877,Самара,2021-04-22,32
878,Самара,2021-04-23,35
879,Самара,2021-04-24,33
880,Самара,2021-04-25,30
881,Самара,2021-04-26,34
882,Самара,2021-04-27,30
883,Самара,2021-04-28,31
884,Самара,2021-04-29,30
885,Самара,2021-04-30,31
886,Самара,2021-05-01,31
887,Самара,2021-05-02,31
888,Самара,2021-05-03,33
889,Самара,2021-05-04,33
890,Самара,2021-05-05,33
891,Самара,2021-05-06,35
892,Самара,2021-05-07,35
893,Самара,2021-05-08,35
894,Самара,2021-05-09,33
895,Самара,2021-05-10,33
896,Самара,2021-05-11,33
897,Самара,2021-05-12,32
898,Самара,2021-05-13,32
899,Самара,2021-05-14,33
900,Самара,2021-05-15,33
901,Самара,2021-05-16,34
902,Самара,2021-05-17,34
903,Самара,2021-05-18,34
904,Самара,2021-05-19,35
905,Самара,2021-05-20,34
906,Самара,2021-05-21,33
907,Самара,2021-05-22,34
908,Самара,2021-05-23,33
909,Самара,2021-05-24,35
910,Самара,2021-05-25,35
911,Самара,2021-05-26,35
912,Самара,2021-05-27,36
913,Самара,2021-05-28,35
914,Самара,2021-05-29,35
915,Самара,2021-05-30,35
916,Самара,2021-05-31,34
917,Самара,2021-06-01,33
918,Самара,2021-06-02,37
919,Самара,2021-06-03,33
920,Самара,2021-06-04,30
921,Самара,2021-06-05,29
922,Самара,2021-06-06,28
923,Самара,2021-06-07,30
924,Самара,2021-06-08,29
925,Самара,2021-06-09,30
926,Самара,2021-06-10,27
927,Самара,2021-06-11,30
928,Самара,2021-06-12,30
929,Самара,2021-06-13,31
930,Самара,2021-06-14,30
931,Самара,2021-06-15,30
932,Самара,2021-06-16,31
933,Самара,2021-06-17,30
934,Самара,2021-06-18,30
935,Самара,2021-06-19,31
936,Самара,2021-06-20,32
937,Самара,2021-06-21,32
938,Самара,2021-06-22,32
939,Самара,2021-06-23,34
940,Самара,2021-06-24,33
941,Самара,2021-06-25,34
942,Самара,2021-06-26,35
943,Самара,2021-06-27,32
944,Самара,2021-06-28,32
945,Самара,2021-06-29,32
946,Самара,2021-06-30,34
947,Самара,2021-07-01,34
948,Самара,2021-07-02,34
949,Самара,2021-07-03,34
950,Самара,2021-07-04,33
951,Самара,2021-07-05,33
952,Самара,2021-07-06,35
953,Самара,2021-07-07,33
954,Самара,2021-07-08,30
955,Самара,2021-07-09,31
956,Самара,2021-07-10,31
957,Самара,2021-07-11,29
958,Самара,2021-07-12,29
959,Самара,2021-07-13,29
960,Самара,2021-07-14,26
961,Самара,2021-07-15,27
962,Самара,2021-07-16,26
963,Самара,2021-07-17,26
964,Самара,2021-07-18,25
965,Самара,2021-07-19,27
966,Самара,2021-07-20,28
967,Самара,2021-07-21,29
968,Самара,2021-07-22,29
969,Самара,2021-07-23,28
970,Самара,2021-07-24,28
971,Самара,2021-07-25,27
972,Самара,2021-07-26,30
973,Самара,2021-07-27,32
974,Самара,2021-07-28,31
975,Самара,2021-07-29,31
976,Самара,2021-07-30,32
977,Самара,2021-07-31,33
978,Самара,2021-08-01,31
979,Самара,2021-08-02,32
980,Самара,2021-08-03,31
981,Самара,2021-08-04,33
982,Самара,2021-08-05,34
983,Самара,2021-08-06,32
984,Самара,2021-08-07,33
985,Самара,2021-08-08,31
986,Самара,2021-08-09,33
987,Самара,2021-08-10,32
988,Самара,2021-08-11,33
989,Самара,2021-08-12,34
990,Самара,2021-08-13,35
991,Самара,2021-08-14,31
992,Самара,2021-08-15,29
993,Самара,2021-08-16,32
994,Самара,2021-08-17,32
995,Самара,2021-08-18,30
996,Самара,2021-08-19,31
997,Самара,2021-08-20,30
998,Самара,2021-08-21,32
999,Самара,2021-08-22,28
1000,Самара,2021-08-23,30
1001,Самара,2021-08-24,31
1002,Самара,2021-08-25,31
1003,Самара,2021-08-26,31
1004,Самара,2021-08-27,31
1005,Самара,2021-08-28,30
1006,Самара,2021-08-29,28
1007,Самара,2021-08-30,31
1008,Самара,2021-08-31,31
1009,Самара,2021-09-01,28
1010,Самара,2021-09-02,29
1011,Самара,2021-09-03,31
1012,Самара,2021-09-04,30
1013,Самара,2021-09-05,29
1014,Самара,2021-09-06,31
1015,Самара,2021-09-07,31
1016,Самара,2021-09-08,30
1017,Самара,2021-09-09,32
1018,Самара,2021-09-10,31
1019,Самара,2021-09-11,32
1020,Самара,2021-09-12,30
1021,Самара,2021-09-13,28
1022,Самара,2021-09-14,27
1023,Самара,2021-09-15,28
1024,Самара,2021-09-16,30
1025,Самара,2021-09-17,31
1026,Самара,2021-09-18,30
1027,Самара,2021-09-19,29
1028,Самара,2021-09-20,30
1029,Самара,2021-09-21,30
1030,Самара,2021-09-22,30
1031,Самара,2021-09-23,30
1032,Самара,2021-09-24,31
1033,Самара,2021-09-25,31
1034,Самара,2021-09-26,31
1035,Самара,2021-09-27,33
1036,Самара,2021-09-28,30
1037,Самара,2021-09-29,30
1038,Самара,2021-09-30,31
1039,Самара,2021-10-01,30
1040,Самара,2021-10-02,31
1041,Самара,2021-10-03,29
1042,Самара,2021-10-04,31
1043,Самара,2021-10-05,30
1044,Самара,2021-10-06,32
1045,Самара,2021-10-07,32
1046,Самара,2021-10-08,32
1047,Самара,2021-10-09,31
1048,Самара,2021-10-10,32
1049,Самара,2021-10-11,32
1050,Самара,2021-10-12,31
1051,Самара,2021-10-13,31
1052,Самара,2021-10-14,31
1053,Самара,2021-10-15,33
1054,Самара,2021-10-16,33
1055,Самара,2021-10-17,30
1056,Самара,2021-10-18,31
1057,Самара,2021-10-19,29
1058,Самара,2021-10-20,29
1059,Самара,2021-10-21,29
1060,Самара,2021-10-22,31
1061,Самара,2021-10-23,30
1062,Самара,2021-10-24,32
1063,Самара,2021-10-25,30
1064,Самара,2021-10-26,32
1065,Самара,2021-10-27,30
1066,Самара,2021-10-28,31
1067,Самара,2021-10-29,33
1068,Самара,2021-10-30,31
1069,Самара,2021-10-31,31
1070,Самара,2021-11-01,33
1071,Самара,2021-11-02,31
1072,Самара,2021-11-03,32
1073,Самара,2021-11-04,32
1074,Самара,2021-11-05,32
1075,Самара,2021-11-06,30
1076,Самара,2021-11-07,30
1077,Самара,2021-11-08,31
1078,Самара,2021-11-09,31
1079,Самара,2021-11-10,30
1080,Самара,2021-11-11,29
1081,Самара,2021-11-12,27
1082,Самара,2021-11-13,27
1083,Самара,2021-11-14,29
1084,Самара,2021-11-15,29
1085,Самара,2021-11-16,29
1086,Самара,2021-11-17,30
1087,Самара,2021-11-18,29
1088,Самара,2021-11-19,29
1089,Самара,2021-11-20,28
1090,Самара,2021-11-21,26
1091,Самара,2021-11-22,26
1092,Самара,2021-11-23,25
1093,Самара,2021-11-24,28
1094,Самара,2021-11-25,26
1095,Самара,2021-11-26,29
1096,Самара,2021-11-27,27
1097,Самара,2021-11-28,26
1098,Самара,2021-11-29,27
1099,Самара,2021-11-30,28
1100,Самара,2021-12-01,27
1101,Самара,2021-12-02,24
1102,Самара,2021-12-03,25
1103,Самара,2021-12-04,27
1104,Самара,2021-12-05,27
1105,Самара,2021-12-06,26
1106,Самара,2021-12-07,27
1107,Самара,2021-12-08,26
1108,Самара,2021-12-09,26
1109,Самара,2021-12-10,28
1110,Самара,2021-12-11,29
1111,Самара,2021-12-12,28
1112,Самара,2021-12-13,31
1113,Самара,2021-12-14,30
1114,Самара,2021-12-15,30
1115,Самара,2021-12-16,27
1116,Самара,2021-12-17,28
1117,Самара,2021-12-18,28
1118,Самара,2021-12-19,30
1119,Самара,2021-12-20,32
1120,Самара,2021-12-21,28
1121,Самара,2021-12-22,29
1122,Самара,2021-12-23,29
1123,Самара,2021-12-24,29
1124,Самара,2021-12-25,27
1125,Самара,2021-12-26,29
1126,Самара,2021-12-27,29
1127,Самара,2021-12-28,26
1128,Самара,2021-12-29,27
1129,Самара,2021-12-30,27
1130,Самара,2021-12-31,28
1131,Самара,2022-01-01,27
1132,Самара,2022-01-02,27
1133,Самара,2022-01-03,27
1134,Самара,2022-01-04,27
1135,Самара,2022-01-05,28
1136,Самара,2022-01-06,26
1137,Самара,2022-01-07,26
1138,Самара,2022-01-08,25
1139,Самара,2022-01-09,27
1140,Самара,2022-01-10,27
1141,Самара,2022-01-11,28
1142,Самара,2022-01-12,25
1143,Самара,2022-01-13,26
1144,Самара,2022-01-14,25
1145,Самара,2022-01-15,27
1146,Самара,2022-01-16,27
1147,Самара,2022-01-17,27
1148,Самара,2022-01-18,24
1149,Самара,2022-01-19,24
1150,Самара,2022-01-20,26
1151,Самара,2022-01-21,22
1152,Самара,2022-01-22,25
1153,Самара,2022-01-23,23
1154,Самара,2022-01-24,23
1155,Самара,2022-01-25,24
1156,Самара,2022-01-26,23
1157,Самара,2022-01-27,22
1158,Самара,2022-01-28,23
1159,Самара,2022-01-29,24
1160,Самара,2022-01-30,26
1161,Самара,2022-01-31,23
1162,Самара,2022-02-01,27
1163,Самара,2022-02-02,24
1164,Самара,2022-02-03,23
1165,Самара,2022-02-04,24
1166,Самара,2022-02-05,23
1167,Самара,2022-02-06,22
1168,Самара,2022-02-07,21
1169,Самара,2022-02-08,21
1170,Самара,2022-02-09,22
1171,Самара,2022-02-10,23
1172,Самара,2022-02-11,20
1173,Самара,2022-02-12,22
1174,Самара,2022-02-13,22
1175,Самара,2022-02-14,18
1176,Самара,2022-02-15,20
1177,Самара,2022-02-16,20
1178,Самара,2022-02-17,22
1179,Самара,2022-02-18,22
1180,Самара,2022-02-19,21
1181,Самара,2022-02-20,21
1182,Самара,2022-02-21,19
1183,Самара,2022-02-22,21
1184,Самара,2022-02-23,23
1185,Самара,2022-02-24,22
1186,Самара,2022-02-25,21
1187,Самара,2022-02-26,22
1188,Самара,2022-02-27,22
1189,Самара,2022-02-28,19
1190,Самара,2022-03-01,22
1191,Самара,2022-03-02,20
1192,Самара,2022-03-03,23
1193,Самара,2022-03-04,23
1194,Самара,2022-03-05,23
1195,Самара,2022-03-06,21
1196,Самара,2022-03-07,23
1197,Самара,2022-03-08,21
1198,Самара,2022-03-09,20
1199,Самара,2022-03-10,19
1200,Самара,2022-03-11,20
1201,Самара,2022-03-12,20
1202,Самара,2022-03-13,21
1203,Самара,2022-03-14,18
1204,Самара,2022-03-15,21
1205,Самара,2022-03-16,18
1206,Самара,2022-03-17,19
1207,Самара,2022-03-18,18
1208,Самара,2022-03-19,20
1209,Самара,2022-03-20,19
1210,Самара,2022-03-21,12
1211,Самара,2022-03-22,11
1212,Самара,2022-03-23,11
1213,Самара,2022-03-24,12
1214,Самара,2022-03-25,8
1215,Самара,2022-03-26,7
1216,Самара,2022-03-27,7
1217,Самара,2022-03-28,7
1218,Самара,2022-03-29,7
1219,Самара,2022-03-30,7
1220,Самара,2022-03-31,7
1221,Самара,2022-04-01,6
1222,Самара,2022-04-02,6
1223,Самара,2022-04-03,6
1224,Самара,2022-04-04,6
1225,Самара,2022-04-05,6
1226,Самара,2022-04-06,6
1227,Самара,2022-04-07,6
1228,Самара,2022-04-08,4
1229,Самара,2022-04-09,5
1230,Самара,2022-04-10,5
1231,Самара,2022-04-11,1
1232,Санкт-Петербург,2020-06-17,1
1233,Санкт-Петербург,2020-07-01,1
1234,Санкт-Петербург,2020-07-08,1
1235,Санкт-Петербург,2020-07-09,1
1236,Санкт-Петербург,2020-07-10,2
1237,Санкт-Петербург,2020-07-13,3
1238,Санкт-Петербург,2020-07-14,1
1239,Санкт-Петербург,2020-07-15,3
1240,Санкт-Петербург,2020-07-16,1
1241,Санкт-Петербург,2020-07-17,4
1242,Санкт-Петербург,2020-07-18,3
1243,Санкт-Петербург,2020-07-19,4
1244,Санкт-Петербург,2020-07-20,4
1245,Санкт-Петербург,2020-07-21,3
1246,Санкт-Петербург,2020-07-22,3
1247,Санкт-Петербург,2020-07-23,5
1248,Санкт-Петербург,2020-07-24,3
1249,Санкт-Петербург,2020-07-25,4
1250,Санкт-Петербург,2020-07-26,4
1251,Санкт-Петербург,2020-07-27,4
1252,Санкт-Петербург,2020-07-28,4
1253,Санкт-Петербург,2020-07-29,1
1254,Санкт-Петербург,2020-07-30,5
1255,Санкт-Петербург,2020-07-31,5
1256,Санкт-Петербург,2020-08-01,6
1257,Санкт-Петербург,2020-08-02,6
1258,Санкт-Петербург,2020-08-03,7
1259,Санкт-Петербург,2020-08-04,7
1260,Санкт-Петербург,2020-08-05,8
1261,Санкт-Петербург,2020-08-06,12
1262,Санкт-Петербург,2020-08-07,16
1263,Санкт-Петербург,2020-08-08,15
1264,Санкт-Петербург,2020-08-09,14
1265,Санкт-Петербург,2020-08-10,14
1266,Санкт-Петербург,2020-08-11,13
1267,Санкт-Петербург,2020-08-12,16
1268,Санкт-Петербург,2020-08-13,16
1269,Санкт-Петербург,2020-08-14,16
1270,Санкт-Петербург,2020-08-15,16
1271,Санкт-Петербург,2020-08-16,16
1272,Санкт-Петербург,2020-08-17,22
1273,Санкт-Петербург,2020-08-18,23
1274,Санкт-Петербург,2020-08-19,25
1275,Санкт-Петербург,2020-08-20,23
1276,Санкт-Петербург,2020-08-21,24
1277,Санкт-Петербург,2020-08-22,23
1278,Санкт-Петербург,2020-08-23,23
1279,Санкт-Петербург,2020-08-24,28
1280,Санкт-Петербург,2020-08-25,27
1281,Санкт-Петербург,2020-08-26,28
1282,Санкт-Петербург,2020-08-27,28
1283,Санкт-Петербург,2020-08-28,29
1284,Санкт-Петербург,2020-08-29,29
1285,Санкт-Петербург,2020-08-30,29
1286,Санкт-Петербург,2020-08-31,34
1287,Санкт-Петербург,2020-09-01,37
1288,Санкт-Петербург,2020-09-02,47
1289,Санкт-Петербург,2020-09-03,51
1290,Санкт-Петербург,2020-09-04,53
1291,Санкт-Петербург,2020-09-05,51
1292,Санкт-Петербург,2020-09-06,52
1293,Санкт-Петербург,2020-09-07,57
1294,Санкт-Петербург,2020-09-08,61
1295,Санкт-Петербург,2020-09-09,58
1296,Санкт-Петербург,2020-09-10,61
1297,Санкт-Петербург,2020-09-11,60
1298,Санкт-Петербург,2020-09-12,59
1299,Санкт-Петербург,2020-09-13,59
1300,Санкт-Петербург,2020-09-14,60
1301,Санкт-Петербург,2020-09-15,60
1302,Санкт-Петербург,2020-09-16,62
1303,Санкт-Петербург,2020-09-17,61
1304,Санкт-Петербург,2020-09-18,62
1305,Санкт-Петербург,2020-09-19,60
1306,Санкт-Петербург,2020-09-20,59
1307,Санкт-Петербург,2020-09-21,59
1308,Санкт-Петербург,2020-09-22,59
1309,Санкт-Петербург,2020-09-23,55
1310,Санкт-Петербург,2020-09-24,54
1311,Санкт-Петербург,2020-09-25,58
1312,Санкт-Петербург,2020-09-26,56
1313,Санкт-Петербург,2020-09-27,56
1314,Санкт-Петербург,2020-09-28,55
1315,Санкт-Петербург,2020-09-29,52
1316,Санкт-Петербург,2020-09-30,53
1317,Санкт-Петербург,2020-10-01,53
1318,Санкт-Петербург,2020-10-02,55
1319,Санкт-Петербург,2020-10-03,53
1320,Санкт-Петербург,2020-10-04,54
1321,Санкт-Петербург,2020-10-05,56
1322,Санкт-Петербург,2020-10-06,54
1323,Санкт-Петербург,2020-10-07,57
1324,Санкт-Петербург,2020-10-08,55
1325,Санкт-Петербург,2020-10-09,58
1326,Санкт-Петербург,2020-10-10,57
1327,Санкт-Петербург,2020-10-11,58
1328,Санкт-Петербург,2020-10-12,56
1329,Санкт-Петербург,2020-10-13,54
1330,Санкт-Петербург,2020-10-14,53
1331,Санкт-Петербург,2020-10-15,53
1332,Санкт-Петербург,2020-10-16,58
1333,Санкт-Петербург,2020-10-17,55
1334,Санкт-Петербург,2020-10-18,55
1335,Санкт-Петербург,2020-10-19,57
1336,Санкт-Петербург,2020-10-20,54
1337,Санкт-Петербург,2020-10-21,60
1338,Санкт-Петербург,2020-10-22,61
1339,Санкт-Петербург,2020-10-23,63
1340,Санкт-Петербург,2020-10-24,60
1341,Санкт-Петербург,2020-10-25,62
1342,Санкт-Петербург,2020-10-26,62
1343,Санкт-Петербург,2020-10-27,59
1344,Санкт-Петербург,2020-10-28,60
1345,Санкт-Петербург,2020-10-29,64
1346,Санкт-Петербург,2020-10-30,64
1347,Санкт-Петербург,2020-10-31,62
1348,Санкт-Петербург,2020-11-01,60
1349,Санкт-Петербург,2020-11-02,60
1350,Санкт-Петербург,2020-11-03,62
1351,Санкт-Петербург,2020-11-04,53
1352,Санкт-Петербург,2020-11-05,58
1353,Санкт-Петербург,2020-11-06,58
1354,Санкт-Петербург,2020-11-07,52
1355,Санкт-Петербург,2020-11-08,53
1356,Санкт-Петербург,2020-11-09,58
1357,Санкт-Петербург,2020-11-10,54
1358,Санкт-Петербург,2020-11-11,54
1359,Санкт-Петербург,2020-11-12,54
1360,Санкт-Петербург,2020-11-13,56
1361,Санкт-Петербург,2020-11-14,53
1362,Санкт-Петербург,2020-11-15,53
1363,Санкт-Петербург,2020-11-16,57
1364,Санкт-Петербург,2020-11-17,56
1365,Санкт-Петербург,2020-11-18,53
1366,Санкт-Петербург,2020-11-19,53
1367,Санкт-Петербург,2020-11-20,57
1368,Санкт-Петербург,2020-11-21,52
1369,Санкт-Петербург,2020-11-22,52
1370,Санкт-Петербург,2020-11-23,57
1371,Санкт-Петербург,2020-11-24,61
1372,Санкт-Петербург,2020-11-25,61
1373,Санкт-Петербург,2020-11-26,58
1374,Санкт-Петербург,2020-11-27,62
1375,Санкт-Петербург,2020-11-28,64
1376,Санкт-Петербург,2020-11-29,63
1377,Санкт-Петербург,2020-11-30,63
1378,Санкт-Петербург,2020-12-01,59
1379,Санкт-Петербург,2020-12-02,56
1380,Санкт-Петербург,2020-12-03,59
1381,Санкт-Петербург,2020-12-04,58
1382,Санкт-Петербург,2020-12-05,56
1383,Санкт-Петербург,2020-12-06,56
1384,Санкт-Петербург,2020-12-07,59
1385,Санкт-Петербург,2020-12-08,60
1386,Санкт-Петербург,2020-12-09,60
1387,Санкт-Петербург,2020-12-10,61
1388,Санкт-Петербург,2020-12-11,60
1389,Санкт-Петербург,2020-12-12,58
1390,Санкт-Петербург,2020-12-13,56
1391,Санкт-Петербург,2020-12-14,57
1392,Санкт-Петербург,2020-12-15,55
1393,Санкт-Петербург,2020-12-16,55
1394,Санкт-Петербург,2020-12-17,60
1395,Санкт-Петербург,2020-12-18,63
1396,Санкт-Петербург,2020-12-19,60
1397,Санкт-Петербург,2020-12-20,61
1398,Санкт-Петербург,2020-12-21,66
1399,Санкт-Петербург,2020-12-22,65
1400,Санкт-Петербург,2020-12-23,64
1401,Санкт-Петербург,2020-12-24,65
1402,Санкт-Петербург,2020-12-25,66
1403,Санкт-Петербург,2020-12-26,65
1404,Санкт-Петербург,2020-12-27,66
1405,Санкт-Петербург,2020-12-28,68
1406,Санкт-Петербург,2020-12-29,65
1407,Санкт-Петербург,2020-12-30,61
1408,Санкт-Петербург,2020-12-31,60
1409,Санкт-Петербург,2021-01-01,62
1410,Санкт-Петербург,2021-01-02,17
1411,Санкт-Петербург,2021-01-03,58
1412,Санкт-Петербург,2021-01-04,58
1413,Санкт-Петербург,2021-01-05,60
1414,Санкт-Петербург,2021-01-06,59
1415,Санкт-Петербург,2021-01-07,57
1416,Санкт-Петербург,2021-01-08,58
1417,Санкт-Петербург,2021-01-09,58
1418,Санкт-Петербург,2021-01-10,56
1419,Санкт-Петербург,2021-01-11,59
1420,Санкт-Петербург,2021-01-12,48
1421,Санкт-Петербург,2021-01-13,58
1422,Санкт-Петербург,2021-01-14,57
1423,Санкт-Петербург,2021-01-15,59
1424,Санкт-Петербург,2021-01-16,54
1425,Санкт-Петербург,2021-01-17,56
1426,Санкт-Петербург,2021-01-18,56
1427,Санкт-Петербург,2021-01-19,55
1428,Санкт-Петербург,2021-01-20,58
1429,Санкт-Петербург,2021-01-21,60
1430,Санкт-Петербург,2021-01-22,60
1431,Санкт-Петербург,2021-01-23,59
1432,Санкт-Петербург,2021-01-24,59
1433,Санкт-Петербург,2021-01-25,60
1434,Санкт-Петербург,2021-01-26,57
1435,Санкт-Петербург,2021-01-27,60
1436,Санкт-Петербург,2021-01-28,60
1437,Санкт-Петербург,2021-01-29,61
1438,Санкт-Петербург,2021-01-30,59
1439,Санкт-Петербург,2021-01-31,59
1440,Санкт-Петербург,2021-02-01,59
1441,Санкт-Петербург,2021-02-02,64
1442,Санкт-Петербург,2021-02-03,59
1443,Санкт-Петербург,2021-02-04,64
1444,Санкт-Петербург,2021-02-05,65
1445,Санкт-Петербург,2021-02-06,65
1446,Санкт-Петербург,2021-02-07,65
1447,Санкт-Петербург,2021-02-08,67
1448,Санкт-Петербург,2021-02-09,63
1449,Санкт-Петербург,2021-02-10,68
1450,Санкт-Петербург,2021-02-11,68
1451,Санкт-Петербург,2021-02-12,66
1452,Санкт-Петербург,2021-02-13,65
1453,Санкт-Петербург,2021-02-14,64
1454,Санкт-Петербург,2021-02-15,63
1455,Санкт-Петербург,2021-02-16,64
1456,Санкт-Петербург,2021-02-17,65
1457,Санкт-Петербург,2021-02-18,65
1458,Санкт-Петербург,2021-02-19,67
1459,Санкт-Петербург,2021-02-20,68
1460,Санкт-Петербург,2021-02-21,68
1461,Санкт-Петербург,2021-02-22,66
1462,Санкт-Петербург,2021-02-23,64
1463,Санкт-Петербург,2021-02-24,66
1464,Санкт-Петербург,2021-02-25,67
1465,Санкт-Петербург,2021-02-26,71
1466,Санкт-Петербург,2021-02-27,70
1467,Санкт-Петербург,2021-02-28,70
1468,Санкт-Петербург,2021-03-01,70
1469,Санкт-Петербург,2021-03-02,71
1470,Санкт-Петербург,2021-03-03,71
1471,Санкт-Петербург,2021-03-04,71
1472,Санкт-Петербург,2021-03-05,71
1473,Санкт-Петербург,2021-03-06,68
1474,Санкт-Петербург,2021-03-07,69
1475,Санкт-Петербург,2021-03-08,69
1476,Санкт-Петербург,2021-03-09,71
1477,Санкт-Петербург,2021-03-10,71
1478,Санкт-Петербург,2021-03-11,71
1479,Санкт-Петербург,2021-03-12,71
1480,Санкт-Петербург,2021-03-13,72
1481,Санкт-Петербург,2021-03-14,72
1482,Санкт-Петербург,2021-03-15,72
1483,Санкт-Петербург,2021-03-16,72
1484,Санкт-Петербург,2021-03-17,73
1485,Санкт-Петербург,2021-03-18,73
1486,Санкт-Петербург,2021-03-19,73
1487,Санкт-Петербург,2021-03-20,73
1488,Санкт-Петербург,2021-03-21,73
1489,Санкт-Петербург,2021-03-22,73
1490,Санкт-Петербург,2021-03-23,73
1491,Санкт-Петербург,2021-03-24,71
1492,Санкт-Петербург,2021-03-25,71
1493,Санкт-Петербург,2021-03-26,75
1494,Санкт-Петербург,2021-03-27,74
1495,Санкт-Петербург,2021-03-28,74
1496,Санкт-Петербург,2021-03-29,74
1497,Санкт-Петербург,2021-03-30,72
1498,Санкт-Петербург,2021-03-31,68
1499,Санкт-Петербург,2021-04-01,67
1500,Санкт-Петербург,2021-04-02,69
1501,Санкт-Петербург,2021-04-03,67
1502,Санкт-Петербург,2021-04-04,67
1503,Санкт-Петербург,2021-04-05,66
1504,Санкт-Петербург,2021-04-06,65
1505,Санкт-Петербург,2021-04-07,65
1506,Санкт-Петербург,2021-04-08,1
1507,Санкт-Петербург,2021-04-09,62
1508,Санкт-Петербург,2021-04-10,60
1509,Санкт-Петербург,2021-04-11,59
1510,Санкт-Петербург,2021-04-12,63
1511,Санкт-Петербург,2021-04-13,62
1512,Санкт-Петербург,2021-04-14,61
1513,Санкт-Петербург,2021-04-15,63
1514,Санкт-Петербург,2021-04-16,65
1515,Санкт-Петербург,2021-04-17,65
1516,Санкт-Петербург,2021-04-18,64
1517,Санкт-Петербург,2021-04-19,64
1518,Санкт-Петербург,2021-04-20,57
1519,Санкт-Петербург,2021-04-21,57
1520,Санкт-Петербург,2021-04-22,56
1521,Санкт-Петербург,2021-04-23,60
1522,Санкт-Петербург,2021-04-24,57
1523,Санкт-Петербург,2021-04-25,58
1524,Санкт-Петербург,2021-04-26,58
1525,Санкт-Петербург,2021-04-27,58
1526,Санкт-Петербург,2021-04-28,57
1527,Санкт-Петербург,2021-04-29,60
1528,Санкт-Петербург,2021-04-30,61
1529,Санкт-Петербург,2021-05-01,57
1530,Санкт-Петербург,2021-05-02,59
1531,Санкт-Петербург,2021-05-03,59
1532,Санкт-Петербург,2021-05-04,59
1533,Санкт-Петербург,2021-05-05,60
1534,Санкт-Петербург,2021-05-06,61
1535,Санкт-Петербург,2021-05-07,60
1536,Санкт-Петербург,2021-05-08,60
1537,Санкт-Петербург,2021-05-09,60
1538,Санкт-Петербург,2021-05-10,60
1539,Санкт-Петербург,2021-05-11,62
1540,Санкт-Петербург,2021-05-12,12
1541,Санкт-Петербург,2021-05-13,16
1542,Санкт-Петербург,2021-05-14,27
1543,Санкт-Петербург,2021-05-15,63
1544,Санкт-Петербург,2021-05-16,62
1545,Санкт-Петербург,2021-05-17,62
1546,Санкт-Петербург,2021-05-18,62
1547,Санкт-Петербург,2021-05-19,62
1548,Санкт-Петербург,2021-05-20,63
1549,Санкт-Петербург,2021-05-21,60
1550,Санкт-Петербург,2021-05-22,62
1551,Санкт-Петербург,2021-05-23,62
1552,Санкт-Петербург,2021-05-24,63
1553,Санкт-Петербург,2021-05-25,65
1554,Санкт-Петербург,2021-05-26,67
1555,Санкт-Петербург,2021-05-27,67
1556,Санкт-Петербург,2021-05-28,67
1557,Санкт-Петербург,2021-05-29,64
1558,Санкт-Петербург,2021-05-30,64
1559,Санкт-Петербург,2021-05-31,64
1560,Санкт-Петербург,2021-06-01,67
1561,Санкт-Петербург,2021-06-02,66
1562,Санкт-Петербург,2021-06-03,65
1563,Санкт-Петербург,2021-06-04,60
1564,Санкт-Петербург,2021-06-05,61
1565,Санкт-Петербург,2021-06-06,60
1566,Санкт-Петербург,2021-06-07,61
1567,Санкт-Петербург,2021-06-08,64
1568,Санкт-Петербург,2021-06-09,59
1569,Санкт-Петербург,2021-06-10,62
1570,Санкт-Петербург,2021-06-11,62
1571,Санкт-Петербург,2021-06-12,62
1572,Санкт-Петербург,2021-06-13,62
1573,Санкт-Петербург,2021-06-14,62
1574,Санкт-Петербург,2021-06-15,62
1575,Санкт-Петербург,2021-06-16,62
1576,Санкт-Петербург,2021-06-17,62
1577,Санкт-Петербург,2021-06-18,62
1578,Санкт-Петербург,2021-06-19,61
1579,Санкт-Петербург,2021-06-20,61
1580,Санкт-Петербург,2021-06-21,59
1581,Санкт-Петербург,2021-06-22,59
1582,Санкт-Петербург,2021-06-23,60
1583,Санкт-Петербург,2021-06-24,63
1584,Санкт-Петербург,2021-06-25,63
1585,Санкт-Петербург,2021-06-26,62
1586,Санкт-Петербург,2021-06-27,62
1587,Санкт-Петербург,2021-06-28,63
1588,Санкт-Петербург,2021-06-29,62
1589,Санкт-Петербург,2021-06-30,61
1590,Санкт-Петербург,2021-07-01,62
1591,Санкт-Петербург,2021-07-02,62
1592,Санкт-Петербург,2021-07-03,62
1593,Санкт-Петербург,2021-07-04,61
1594,Санкт-Петербург,2021-07-05,63
1595,Санкт-Петербург,2021-07-06,62
1596,Санкт-Петербург,2021-07-07,62
1597,Санкт-Петербург,2021-07-08,63
1598,Санкт-Петербург,2021-07-09,63
1599,Санкт-Петербург,2021-07-10,62
1600,Санкт-Петербург,2021-07-11,62
1601,Санкт-Петербург,2021-07-12,63
1602,Санкт-Петербург,2021-07-13,62
1603,Санкт-Петербург,2021-07-14,62
1604,Санкт-Петербург,2021-07-15,62
1605,Санкт-Петербург,2021-07-16,63
1606,Санкт-Петербург,2021-07-17,61
1607,Санкт-Петербург,2021-07-18,61
1608,Санкт-Петербург,2021-07-19,62
1609,Санкт-Петербург,2021-07-20,61
1610,Санкт-Петербург,2021-07-21,61
1611,Санкт-Петербург,2021-07-22,62
1612,Санкт-Петербург,2021-07-23,62
1613,Санкт-Петербург,2021-07-24,62
1614,Санкт-Петербург,2021-07-25,62
1615,Санкт-Петербург,2021-07-26,63
1616,Санкт-Петербург,2021-07-27,63
1617,Санкт-Петербург,2021-07-28,62
1618,Санкт-Петербург,2021-07-29,63
1619,Санкт-Петербург,2021-07-30,62
1620,Санкт-Петербург,2021-07-31,61
1621,Санкт-Петербург,2021-08-01,61
1622,Санкт-Петербург,2021-08-02,63
1623,Санкт-Петербург,2021-08-03,63
1624,Санкт-Петербург,2021-08-04,62
1625,Санкт-Петербург,2021-08-05,62
1626,Санкт-Петербург,2021-08-06,62
1627,Санкт-Петербург,2021-08-07,60
1628,Санкт-Петербург,2021-08-08,60
1629,Санкт-Петербург,2021-08-09,61
1630,Санкт-Петербург,2021-08-10,60
1631,Санкт-Петербург,2021-08-11,60
1632,Санкт-Петербург,2021-08-12,59
1633,Санкт-Петербург,2021-08-13,60
1634,Санкт-Петербург,2021-08-14,58
1635,Санкт-Петербург,2021-08-15,57
1636,Санкт-Петербург,2021-08-16,58
1637,Санкт-Петербург,2021-08-17,54
1638,Санкт-Петербург,2021-08-18,51
1639,Санкт-Петербург,2021-08-19,51
1640,Санкт-Петербург,2021-08-20,52
1641,Санкт-Петербург,2021-08-21,48
1642,Санкт-Петербург,2021-08-22,49
1643,Санкт-Петербург,2021-08-23,52
1644,Санкт-Петербург,2021-08-24,54
1645,Санкт-Петербург,2021-08-25,56
1646,Санкт-Петербург,2021-08-26,56
1647,Санкт-Петербург,2021-08-27,57
1648,Санкт-Петербург,2021-08-28,57
1649,Санкт-Петербург,2021-08-29,57
1650,Санкт-Петербург,2021-08-30,57
1651,Санкт-Петербург,2021-08-31,56
1652,Санкт-Петербург,2021-09-01,57
1653,Санкт-Петербург,2021-09-02,57
1654,Санкт-Петербург,2021-09-03,57
1655,Санкт-Петербург,2021-09-04,55
1656,Санкт-Петербург,2021-09-05,54
1657,Санкт-Петербург,2021-09-06,55
1658,Санкт-Петербург,2021-09-07,56
1659,Санкт-Петербург,2021-09-08,55
1660,Санкт-Петербург,2021-09-09,55
1661,Санкт-Петербург,2021-09-10,55
1662,Санкт-Петербург,2021-09-11,56
1663,Санкт-Петербург,2021-09-12,56
1664,Санкт-Петербург,2021-09-13,55
1665,Санкт-Петербург,2021-09-14,56
1666,Санкт-Петербург,2021-09-15,53
1667,Санкт-Петербург,2021-09-16,54
1668,Санкт-Петербург,2021-09-17,55
1669,Санкт-Петербург,2021-09-18,54
1670,Санкт-Петербург,2021-09-19,55
1671,Санкт-Петербург,2021-09-20,54
1672,Санкт-Петербург,2021-09-21,55
1673,Санкт-Петербург,2021-09-22,54
1674,Санкт-Петербург,2021-09-23,54
1675,Санкт-Петербург,2021-09-24,54
1676,Санкт-Петербург,2021-09-25,53
1677,Санкт-Петербург,2021-09-26,53
1678,Санкт-Петербург,2021-09-27,53
1679,Санкт-Петербург,2021-09-28,56
1680,Санкт-Петербург,2021-09-29,54
1681,Санкт-Петербург,2021-09-30,57
1682,Санкт-Петербург,2021-10-01,57
1683,Санкт-Петербург,2021-10-02,58
1684,Санкт-Петербург,2021-10-03,58
1685,Санкт-Петербург,2021-10-04,58
1686,Санкт-Петербург,2021-10-05,57
1687,Санкт-Петербург,2021-10-06,56
1688,Санкт-Петербург,2021-10-07,56
1689,Санкт-Петербург,2021-10-08,57
1690,Санкт-Петербург,2021-10-09,57
1691,Санкт-Петербург,2021-10-10,57
1692,Санкт-Петербург,2021-10-11,57
1693,Санкт-Петербург,2021-10-12,53
1694,Санкт-Петербург,2021-10-13,49
1695,Санкт-Петербург,2021-10-14,49
1696,Санкт-Петербург,2021-10-15,49
1697,Санкт-Петербург,2021-10-16,49
1698,Санкт-Петербург,2021-10-17,49
1699,Санкт-Петербург,2021-10-18,49
1700,Санкт-Петербург,2021-10-19,48
1701,Санкт-Петербург,2021-10-20,47
1702,Санкт-Петербург,2021-10-21,47
1703,Санкт-Петербург,2021-10-22,50
1704,Санкт-Петербург,2021-10-23,48
1705,Санкт-Петербург,2021-10-24,47
1706,Санкт-Петербург,2021-10-25,48
1707,Санкт-Петербург,2021-10-26,49
1708,Санкт-Петербург,2021-10-27,48
1709,Санкт-Петербург,2021-10-28,48
1710,Санкт-Петербург,2021-10-29,49
1711,Санкт-Петербург,2021-10-30,48
1712,Санкт-Петербург,2021-10-31,48
1713,Санкт-Петербург,2021-11-01,49
1714,Санкт-Петербург,2021-11-02,50
1715,Санкт-Петербург,2021-11-03,48
1716,Санкт-Петербург,2021-11-04,45
1717,Санкт-Петербург,2021-11-05,45
1718,Санкт-Петербург,2021-11-06,43
1719,Санкт-Петербург,2021-11-07,43
1720,Санкт-Петербург,2021-11-08,47
1721,Санкт-Петербург,2021-11-09,46
1722,Санкт-Петербург,2021-11-10,48
1723,Санкт-Петербург,2021-11-11,47
1724,Санкт-Петербург,2021-11-12,47
1725,Санкт-Петербург,2021-11-13,47
1726,Санкт-Петербург,2021-11-14,47
1727,Санкт-Петербург,2021-11-15,47
1728,Санкт-Петербург,2021-11-16,46
1729,Санкт-Петербург,2021-11-17,43
1730,Санкт-Петербург,2021-11-18,43
1731,Санкт-Петербург,2021-11-19,41
1732,Санкт-Петербург,2021-11-20,40
1733,Санкт-Петербург,2021-11-21,39
1734,Санкт-Петербург,2021-11-22,40
1735,Санкт-Петербург,2021-11-23,40
1736,Санкт-Петербург,2021-11-24,41
1737,Санкт-Петербург,2021-11-25,42
1738,Санкт-Петербург,2021-11-26,43
1739,Санкт-Петербург,2021-11-27,42
1740,Санкт-Петербург,2021-11-28,43
1741,Санкт-Петербург,2021-11-29,43
1742,Санкт-Петербург,2021-11-30,42
1743,Санкт-Петербург,2021-12-01,42
1744,Санкт-Петербург,2021-12-02,39
1745,Санкт-Петербург,2021-12-03,41
1746,Санкт-Петербург,2021-12-04,43
1747,Санкт-Петербург,2021-12-05,43
1748,Санкт-Петербург,2021-12-06,43
1749,Санкт-Петербург,2021-12-07,42
1750,Санкт-Петербург,2021-12-08,42
1751,Санкт-Петербург,2021-12-09,41
1752,Санкт-Петербург,2021-12-10,41
1753,Санкт-Петербург,2021-12-11,42
1754,Санкт-Петербург,2021-12-12,42
1755,Санкт-Петербург,2021-12-13,43
1756,Санкт-Петербург,2021-12-14,43
1757,Санкт-Петербург,2021-12-15,43
1758,Санкт-Петербург,2021-12-16,43
1759,Санкт-Петербург,2021-12-17,43
1760,Санкт-Петербург,2021-12-18,43
1761,Санкт-Петербург,2021-12-19,43
1762,Санкт-Петербург,2021-12-20,43
1763,Санкт-Петербург,2021-12-21,40
1764,Санкт-Петербург,2021-12-22,42
1765,Санкт-Петербург,2021-12-23,41
1766,Санкт-Петербург,2021-12-24,41
1767,Санкт-Петербург,2021-12-25,41
1768,Санкт-Петербург,2021-12-26,42
1769,Санкт-Петербург,2021-12-27,43
1770,Санкт-Петербург,2021-12-28,44
1771,Санкт-Петербург,2021-12-29,43
1772,Санкт-Петербург,2021-12-30,43
1773,Санкт-Петербург,2021-12-31,43
1774,Санкт-Петербург,2022-01-01,42
1775,Санкт-Петербург,2022-01-02,42
1776,Санкт-Петербург,2022-01-03,42
1777,Санкт-Петербург,2022-01-04,42
1778,Санкт-Петербург,2022-01-05,41
1779,Санкт-Петербург,2022-01-06,41
1780,Санкт-Петербург,2022-01-07,40
1781,Санкт-Петербург,2022-01-08,40
1782,Санкт-Петербург,2022-01-09,40
1783,Санкт-Петербург,2022-01-10,39
1784,Санкт-Петербург,2022-01-11,39
1785,Санкт-Петербург,2022-01-12,41
1786,Санкт-Петербург,2022-01-13,40
1787,Санкт-Петербург,2022-01-14,38
1788,Санкт-Петербург,2022-01-15,40
1789,Санкт-Петербург,2022-01-16,41
1790,Санкт-Петербург,2022-01-17,40
1791,Санкт-Петербург,2022-01-18,41
1792,Санкт-Петербург,2022-01-19,41
1793,Санкт-Петербург,2022-01-20,43
1794,Санкт-Петербург,2022-01-21,43
1795,Санкт-Петербург,2022-01-22,41
1796,Санкт-Петербург,2022-01-23,40
1797,Санкт-Петербург,2022-01-24,39
1798,Санкт-Петербург,2022-01-25,42
1799,Санкт-Петербург,2022-01-26,42
1800,Санкт-Петербург,2022-01-27,44
1801,Санкт-Петербург,2022-01-28,43
1802,Санкт-Петербург,2022-01-29,44
1803,Санкт-Петербург,2022-01-30,44
1804,Санкт-Петербург,2022-01-31,43
1805,Санкт-Петербург,2022-02-01,44
1806,Санкт-Петербург,2022-02-02,44
1807,Санкт-Петербург,2022-02-03,44
1808,Санкт-Петербург,2022-02-04,43
1809,Санкт-Петербург,2022-02-05,43
1810,Санкт-Петербург,2022-02-06,43
1811,Санкт-Петербург,2022-02-07,43
1812,Санкт-Петербург,2022-02-08,45
1813,Санкт-Петербург,2022-02-09,44
1814,Санкт-Петербург,2022-02-10,46
1815,Санкт-Петербург,2022-02-11,46
1816,Санкт-Петербург,2022-02-12,46
1817,Санкт-Петербург,2022-02-13,46
1818,Санкт-Петербург,2022-02-14,46
1819,Санкт-Петербург,2022-02-15,46
1820,Санкт-Петербург,2022-02-16,46
1821,Санкт-Петербург,2022-02-17,44
1822,Санкт-Петербург,2022-02-18,44
1823,Санкт-Петербург,2022-02-19,45
1824,Санкт-Петербург,2022-02-20,45
1825,Санкт-Петербург,2022-02-21,43
1826,Санкт-Петербург,2022-02-22,43
1827,Санкт-Петербург,2022-02-23,44
1828,Санкт-Петербург,2022-02-24,43
1829,Санкт-Петербург,2022-02-25,44
1830,Санкт-Петербург,2022-02-26,44
1831,Санкт-Петербург,2022-02-27,44
1832,Санкт-Петербург,2022-02-28,44
1833,Санкт-Петербург,2022-03-01,44
1834,Санкт-Петербург,2022-03-02,41
1835,Санкт-Петербург,2022-03-03,41
1836,Санкт-Петербург,2022-03-04,43
1837,Санкт-Петербург,2022-03-05,43
1838,Санкт-Петербург,2022-03-06,44
1839,Санкт-Петербург,2022-03-07,44
1840,Санкт-Петербург,2022-03-08,44
1841,Санкт-Петербург,2022-03-09,44
1842,Санкт-Петербург,2022-03-10,42
1843,Санкт-Петербург,2022-03-11,33
1844,Санкт-Петербург,2022-03-12,42
1845,Санкт-Петербург,2022-03-13,42
1846,Санкт-Петербург,2022-03-14,31
1847,Санкт-Петербург,2022-03-15,42
1848,Санкт-Петербург,2022-03-16,38
1849,Санкт-Петербург,2022-03-17,43
1850,Санкт-Петербург,2022-03-18,45
1851,Санкт-Петербург,2022-03-19,44
1852,Санкт-Петербург,2022-03-20,45
1853,Санкт-Петербург,2022-03-21,42
1854,Санкт-Петербург,2022-03-22,40
1855,Санкт-Петербург,2022-03-23,41
1856,Санкт-Петербург,2022-03-24,41
1857,Санкт-Петербург,2022-03-25,42
1858,Санкт-Петербург,2022-03-26,42
1859,Санкт-Петербург,2022-03-27,42
1860,Санкт-Петербург,2022-03-28,35
1861,Санкт-Петербург,2022-03-29,35
1862,Санкт-Петербург,2022-03-30,35
1863,Санкт-Петербург,2022-03-31,35
1864,Санкт-Петербург,2022-04-01,32
1865,Санкт-Петербург,2022-04-02,32
1866,Санкт-Петербург,2022-04-03,32
1867,Санкт-Петербург,2022-04-04,23
1868,Санкт-Петербург,2022-04-05,22
1869,Санкт-Петербург,2022-04-06,22
1870,Санкт-Петербург,2022-04-07,21
1871,Санкт-Петербург,2022-04-08,21
1872,Санкт-Петербург,2022-04-09,21
1873,Санкт-Петербург,2022-04-10,21
1874,Санкт-Петербург,2022-04-11,19
1875,Санкт-Петербург,2022-04-12,19
1876,Санкт-Петербург,2022-04-13,15
1877,Санкт-Петербург,2022-04-14,15
1878,Санкт-Петербург,2022-04-15,13
1879,Санкт-Петербург,2022-04-16,13
1880,Санкт-Петербург,2022-04-17,13
1881,Санкт-Петербург,2022-04-18,12
1882,Санкт-Петербург,2022-04-19,12
1883,Санкт-Петербург,2022-04-20,13
1884,Санкт-Петербург,2022-04-21,13
1885,Санкт-Петербург,2022-04-22,10
1886,Санкт-Петербург,2022-04-23,4
1887,Тольятти,2020-07-22,1
1888,Тольятти,2020-10-07,3
1889,Тольятти,2020-10-08,3
1890,Тольятти,2020-10-09,3
1891,Тольятти,2020-10-10,3
1892,Тольятти,2020-10-11,3
1893,Тольятти,2020-10-12,3
1894,Тольятти,2020-10-13,2
1895,Тольятти,2020-10-14,2
1896,Тольятти,2020-10-15,2
1897,Тольятти,2020-10-16,2
1898,Тольятти,2020-10-17,2
1899,Тольятти,2020-10-18,2
1900,Тольятти,2020-10-19,2
1901,Тольятти,2020-10-20,2
1902,Тольятти,2020-10-21,2
1903,Тольятти,2020-10-22,2
1904,Тольятти,2020-10-23,2
1905,Тольятти,2020-10-24,2
1906,Тольятти,2020-10-25,2
1907,Тольятти,2020-10-26,2
1908,Тольятти,2020-10-27,2
1909,Тольятти,2020-10-28,2
1910,Тольятти,2020-10-29,2
1911,Тольятти,2020-10-30,2
1912,Тольятти,2020-10-31,2
1913,Тольятти,2020-11-01,2
1914,Тольятти,2020-11-02,3
1915,Тольятти,2020-11-03,4
1916,Тольятти,2020-11-04,4
1917,Тольятти,2020-11-05,4
1918,Тольятти,2020-11-06,4
1919,Тольятти,2020-11-07,4
1920,Тольятти,2020-11-08,4
1921,Тольятти,2020-11-09,5
1922,Тольятти,2020-11-10,3
1923,Тольятти,2020-11-11,6
1924,Тольятти,2020-11-12,6
1925,Тольятти,2020-11-13,7
1926,Тольятти,2020-11-14,7
1927,Тольятти,2020-11-15,7
1928,Тольятти,2020-11-16,9
1929,Тольятти,2020-11-17,12
1930,Тольятти,2020-11-18,12
1931,Тольятти,2020-11-19,12
1932,Тольятти,2020-11-20,14
1933,Тольятти,2020-11-21,13
1934,Тольятти,2020-11-22,13
1935,Тольятти,2020-11-23,12
1936,Тольятти,2020-11-24,13
1937,Тольятти,2020-11-25,13
1938,Тольятти,2020-11-26,13
1939,Тольятти,2020-11-27,15
1940,Тольятти,2020-11-28,14
1941,Тольятти,2020-11-29,14
1942,Тольятти,2020-11-30,18
1943,Тольятти,2020-12-01,18
1944,Тольятти,2020-12-02,22
1945,Тольятти,2020-12-03,21
1946,Тольятти,2020-12-04,23
1947,Тольятти,2020-12-05,20
1948,Тольятти,2020-12-06,21
1949,Тольятти,2020-12-07,21
1950,Тольятти,2020-12-08,23
1951,Тольятти,2020-12-09,22
1952,Тольятти,2020-12-10,26
1953,Тольятти,2020-12-11,26
1954,Тольятти,2020-12-12,25
1955,Тольятти,2020-12-13,24
1956,Тольятти,2020-12-14,27
1957,Тольятти,2020-12-15,23
1958,Тольятти,2020-12-16,24
1959,Тольятти,2020-12-17,25
1960,Тольятти,2020-12-18,27
1961,Тольятти,2020-12-19,28
1962,Тольятти,2020-12-20,27
1963,Тольятти,2020-12-21,29
1964,Тольятти,2020-12-22,33
1965,Тольятти,2020-12-23,33
1966,Тольятти,2020-12-24,34
1967,Тольятти,2020-12-25,35
1968,Тольятти,2020-12-26,33
1969,Тольятти,2020-12-27,31
1970,Тольятти,2020-12-28,32
1971,Тольятти,2020-12-29,32
1972,Тольятти,2020-12-30,32
1973,Тольятти,2020-12-31,33
1974,Тольятти,2021-01-01,31
1975,Тольятти,2021-01-02,30
1976,Тольятти,2021-01-03,29
1977,Тольятти,2021-01-04,30
1978,Тольятти,2021-01-05,30
1979,Тольятти,2021-01-06,29
1980,Тольятти,2021-01-07,30
1981,Тольятти,2021-01-08,28
1982,Тольятти,2021-01-09,28
1983,Тольятти,2021-01-10,27
1984,Тольятти,2021-01-11,29
1985,Тольятти,2021-01-12,32
1986,Тольятти,2021-01-13,31
1987,Тольятти,2021-01-14,33
1988,Тольятти,2021-01-15,33
1989,Тольятти,2021-01-16,32
1990,Тольятти,2021-01-17,32
1991,Тольятти,2021-01-18,35
1992,Тольятти,2021-01-19,33
1993,Тольятти,2021-01-20,36
1994,Тольятти,2021-01-21,37
1995,Тольятти,2021-01-22,40
1996,Тольятти,2021-01-23,38
1997,Тольятти,2021-01-24,36
1998,Тольятти,2021-01-25,36
1999,Тольятти,2021-01-26,39
2000,Тольятти,2021-01-27,39
2001,Тольятти,2021-01-28,40
2002,Тольятти,2021-01-29,40
2003,Тольятти,2021-01-30,41
2004,Тольятти,2021-01-31,40
2005,Тольятти,2021-02-01,42
2006,Тольятти,2021-02-02,45
2007,Тольятти,2021-02-03,44
2008,Тольятти,2021-02-04,47
2009,Тольятти,2021-02-05,46
2010,Тольятти,2021-02-06,48
2011,Тольятти,2021-02-07,46
2012,Тольятти,2021-02-08,45
2013,Тольятти,2021-02-09,44
2014,Тольятти,2021-02-10,48
2015,Тольятти,2021-02-11,48
2016,Тольятти,2021-02-12,48
2017,Тольятти,2021-02-13,46
2018,Тольятти,2021-02-14,46
2019,Тольятти,2021-02-15,46
2020,Тольятти,2021-02-16,47
2021,Тольятти,2021-02-17,48
2022,Тольятти,2021-02-18,47
2023,Тольятти,2021-02-19,47
2024,Тольятти,2021-02-20,45
2025,Тольятти,2021-02-21,41
2026,Тольятти,2021-02-22,40
2027,Тольятти,2021-02-23,40
2028,Тольятти,2021-02-24,42
2029,Тольятти,2021-02-25,43
2030,Тольятти,2021-02-26,45
2031,Тольятти,2021-02-27,46
2032,Тольятти,2021-02-28,42
2033,Тольятти,2021-03-01,43
2034,Тольятти,2021-03-02,46
2035,Тольятти,2021-03-03,44
2036,Тольятти,2021-03-04,48
2037,Тольятти,2021-03-05,48
2038,Тольятти,2021-03-06,46
2039,Тольятти,2021-03-07,43
2040,Тольятти,2021-03-08,43
2041,Тольятти,2021-03-09,45
2042,Тольятти,2021-03-10,45
2043,Тольятти,2021-03-11,46
2044,Тольятти,2021-03-12,45
2045,Тольятти,2021-03-13,42
2046,Тольятти,2021-03-14,42
2047,Тольятти,2021-03-15,43
2048,Тольятти,2021-03-16,44
2049,Тольятти,2021-03-17,47
2050,Тольятти,2021-03-18,48
2051,Тольятти,2021-03-19,52
2052,Тольятти,2021-03-20,48
2053,Тольятти,2021-03-21,45
2054,Тольятти,2021-03-22,47
2055,Тольятти,2021-03-23,44
2056,Тольятти,2021-03-24,46
2057,Тольятти,2021-03-25,45
2058,Тольятти,2021-03-26,44
2059,Тольятти,2021-03-27,44
2060,Тольятти,2021-03-28,43
2061,Тольятти,2021-03-29,42
2062,Тольятти,2021-03-30,42
2063,Тольятти,2021-03-31,39
2064,Тольятти,2021-04-01,40
2065,Тольятти,2021-04-02,43
2066,Тольятти,2021-04-03,41
2067,Тольятти,2021-04-04,39
2068,Тольятти,2021-04-05,39
2069,Тольятти,2021-04-06,41
2070,Тольятти,2021-04-07,39
2071,Тольятти,2021-04-09,40
2072,Тольятти,2021-04-10,38
2073,Тольятти,2021-04-11,37
2074,Тольятти,2021-04-12,40
2075,Тольятти,2021-04-13,42
2076,Тольятти,2021-04-14,43
2077,Тольятти,2021-04-15,42
2078,Тольятти,2021-04-16,38
2079,Тольятти,2021-04-17,40
2080,Тольятти,2021-04-18,41
2081,Тольятти,2021-04-19,42
2082,Тольятти,2021-04-20,41
2083,Тольятти,2021-04-21,39
2084,Тольятти,2021-04-22,41
2085,Тольятти,2021-04-23,43
2086,Тольятти,2021-04-24,43
2087,Тольятти,2021-04-25,42
2088,Тольятти,2021-04-26,40
2089,Тольятти,2021-04-27,41
2090,Тольятти,2021-04-28,37
2091,Тольятти,2021-04-29,38
2092,Тольятти,2021-04-30,41
2093,Тольятти,2021-05-01,41
2094,Тольятти,2021-05-02,42
2095,Тольятти,2021-05-03,41
2096,Тольятти,2021-05-04,40
2097,Тольятти,2021-05-05,41
2098,Тольятти,2021-05-06,42
2099,Тольятти,2021-05-07,43
2100,Тольятти,2021-05-08,42
2101,Тольятти,2021-05-09,41
2102,Тольятти,2021-05-10,41
2103,Тольятти,2021-05-11,42
2104,Тольятти,2021-05-12,40
2105,Тольятти,2021-05-13,41
2106,Тольятти,2021-05-14,40
2107,Тольятти,2021-05-15,40
2108,Тольятти,2021-05-16,38
2109,Тольятти,2021-05-17,39
2110,Тольятти,2021-05-18,40
2111,Тольятти,2021-05-19,43
2112,Тольятти,2021-05-20,43
2113,Тольятти,2021-05-21,42
2114,Тольятти,2021-05-22,42
2115,Тольятти,2021-05-23,43
2116,Тольятти,2021-05-24,43
2117,Тольятти,2021-05-25,43
2118,Тольятти,2021-05-26,43
2119,Тольятти,2021-05-27,43
2120,Тольятти,2021-05-28,41
2121,Тольятти,2021-05-29,42
2122,Тольятти,2021-05-30,41
2123,Тольятти,2021-05-31,44
2124,Тольятти,2021-06-01,43
2125,Тольятти,2021-06-02,43
2126,Тольятти,2021-06-03,43
2127,Тольятти,2021-06-04,42
2128,Тольятти,2021-06-05,42
2129,Тольятти,2021-06-06,42
2130,Тольятти,2021-06-07,41
2131,Тольятти,2021-06-08,42
2132,Тольятти,2021-06-09,40
2133,Тольятти,2021-06-10,40
2134,Тольятти,2021-06-11,41
2135,Тольятти,2021-06-12,39
2136,Тольятти,2021-06-13,37
2137,Тольятти,2021-06-14,37
2138,Тольятти,2021-06-15,38
2139,Тольятти,2021-06-16,38
2140,Тольятти,2021-06-17,38
2141,Тольятти,2021-06-18,39
2142,Тольятти,2021-06-19,42
2143,Тольятти,2021-06-20,40
2144,Тольятти,2021-06-21,40
2145,Тольятти,2021-06-22,43
2146,Тольятти,2021-06-23,45
2147,Тольятти,2021-06-24,45
2148,Тольятти,2021-06-25,42
2149,Тольятти,2021-06-26,42
2150,Тольятти,2021-06-27,40
2151,Тольятти,2021-06-28,45
2152,Тольятти,2021-06-29,43
2153,Тольятти,2021-06-30,44
2154,Тольятти,2021-07-01,43
2155,Тольятти,2021-07-02,42
2156,Тольятти,2021-07-03,39
2157,Тольятти,2021-07-04,37
2158,Тольятти,2021-07-05,39
2159,Тольятти,2021-07-06,40
2160,Тольятти,2021-07-07,40
2161,Тольятти,2021-07-08,39
2162,Тольятти,2021-07-09,39
2163,Тольятти,2021-07-10,39
2164,Тольятти,2021-07-11,37
2165,Тольятти,2021-07-12,40
2166,Тольятти,2021-07-13,42
2167,Тольятти,2021-07-14,43
2168,Тольятти,2021-07-15,43
2169,Тольятти,2021-07-16,41
2170,Тольятти,2021-07-17,39
2171,Тольятти,2021-07-18,40
2172,Тольятти,2021-07-19,38
2173,Тольятти,2021-07-20,40
2174,Тольятти,2021-07-21,41
2175,Тольятти,2021-07-22,44
2176,Тольятти,2021-07-23,43
2177,Тольятти,2021-07-24,43
2178,Тольятти,2021-07-25,42
2179,Тольятти,2021-07-26,42
2180,Тольятти,2021-07-27,43
2181,Тольятти,2021-07-28,44
2182,Тольятти,2021-07-29,42
2183,Тольятти,2021-07-30,44
2184,Тольятти,2021-07-31,43
2185,Тольятти,2021-08-01,43
2186,Тольятти,2021-08-02,43
2187,Тольятти,2021-08-03,45
2188,Тольятти,2021-08-04,47
2189,Тольятти,2021-08-05,46
2190,Тольятти,2021-08-06,47
2191,Тольятти,2021-08-07,46
2192,Тольятти,2021-08-08,46
2193,Тольятти,2021-08-09,47
2194,Тольятти,2021-08-10,46
2195,Тольятти,2021-08-11,45
2196,Тольятти,2021-08-12,43
2197,Тольятти,2021-08-13,46
2198,Тольятти,2021-08-14,43
2199,Тольятти,2021-08-15,45
2200,Тольятти,2021-08-16,45
2201,Тольятти,2021-08-17,42
2202,Тольятти,2021-08-18,40
2203,Тольятти,2021-08-19,41
2204,Тольятти,2021-08-20,43
2205,Тольятти,2021-08-21,41
2206,Тольятти,2021-08-22,40
2207,Тольятти,2021-08-23,44
2208,Тольятти,2021-08-24,41
2209,Тольятти,2021-08-25,45
2210,Тольятти,2021-08-26,44
2211,Тольятти,2021-08-27,44
2212,Тольятти,2021-08-28,42
2213,Тольятти,2021-08-29,42
2214,Тольятти,2021-08-30,43
2215,Тольятти,2021-08-31,42
2216,Тольятти,2021-09-01,41
2217,Тольятти,2021-09-02,41
2218,Тольятти,2021-09-03,42
2219,Тольятти,2021-09-04,42
2220,Тольятти,2021-09-05,41
2221,Тольятти,2021-09-06,42
2222,Тольятти,2021-09-07,43
2223,Тольятти,2021-09-08,41
2224,Тольятти,2021-09-09,43
2225,Тольятти,2021-09-10,43
2226,Тольятти,2021-09-11,44
2227,Тольятти,2021-09-12,44
2228,Тольятти,2021-09-13,45
2229,Тольятти,2021-09-14,45
2230,Тольятти,2021-09-15,45
2231,Тольятти,2021-09-16,44
2232,Тольятти,2021-09-17,43
2233,Тольятти,2021-09-18,42
2234,Тольятти,2021-09-19,42
2235,Тольятти,2021-09-20,43
2236,Тольятти,2021-09-21,43
2237,Тольятти,2021-09-22,41
2238,Тольятти,2021-09-23,41
2239,Тольятти,2021-09-24,41
2240,Тольятти,2021-09-25,41
2241,Тольятти,2021-09-26,41
2242,Тольятти,2021-09-27,42
2243,Тольятти,2021-09-28,42
2244,Тольятти,2021-09-29,41
2245,Тольятти,2021-09-30,41
2246,Тольятти,2021-10-01,42
2247,Тольятти,2021-10-02,41
2248,Тольятти,2021-10-03,41
2249,Тольятти,2021-10-04,41
2250,Тольятти,2021-10-05,40
2251,Тольятти,2021-10-06,41
2252,Тольятти,2021-10-07,41
2253,Тольятти,2021-10-08,41
2254,Тольятти,2021-10-09,38
2255,Тольятти,2021-10-10,38
2256,Тольятти,2021-10-11,39
2257,Тольятти,2021-10-12,40
2258,Тольятти,2021-10-13,39
2259,Тольятти,2021-10-14,39
2260,Тольятти,2021-10-15,39
2261,Тольятти,2021-10-16,37
2262,Тольятти,2021-10-17,37
2263,Тольятти,2021-10-18,40
2264,Тольятти,2021-10-19,40
2265,Тольятти,2021-10-20,39
2266,Тольятти,2021-10-21,39
2267,Тольятти,2021-10-22,42
2268,Тольятти,2021-10-23,40
2269,Тольятти,2021-10-24,38
2270,Тольятти,2021-10-25,40
2271,Тольятти,2021-10-26,40
2272,Тольятти,2021-10-27,40
2273,Тольятти,2021-10-28,39
2274,Тольятти,2021-10-29,38
2275,Тольятти,2021-10-30,37
2276,Тольятти,2021-10-31,37
2277,Тольятти,2021-11-01,39
2278,Тольятти,2021-11-02,41
2279,Тольятти,2021-11-03,39
2280,Тольятти,2021-11-04,38
2281,Тольятти,2021-11-05,37
2282,Тольятти,2021-11-06,37
2283,Тольятти,2021-11-07,37
2284,Тольятти,2021-11-08,37
2285,Тольятти,2021-11-09,38
2286,Тольятти,2021-11-10,38
2287,Тольятти,2021-11-11,33
2288,Тольятти,2021-11-12,28
2289,Тольятти,2021-11-13,28
2290,Тольятти,2021-11-14,32
2291,Тольятти,2021-11-15,32
2292,Тольятти,2021-11-16,25
2293,Тольятти,2021-11-17,30
2294,Тольятти,2021-11-18,34
2295,Тольятти,2021-11-19,34
2296,Тольятти,2021-11-20,32
2297,Тольятти,2021-11-21,32
2298,Тольятти,2021-11-22,31
2299,Тольятти,2021-11-23,28
2300,Тольятти,2021-11-24,26
2301,Тольятти,2021-11-25,27
2302,Тольятти,2021-11-26,28
2303,Тольятти,2021-11-27,27
2304,Тольятти,2021-11-28,29
2305,Тольятти,2021-11-29,26
2306,Тольятти,2021-11-30,21
2307,Тольятти,2021-12-01,27
2308,Тольятти,2021-12-02,25
2309,Тольятти,2021-12-03,20
2310,Тольятти,2021-12-04,25
2311,Тольятти,2021-12-05,26
2312,Тольятти,2021-12-06,23
2313,Тольятти,2021-12-07,24
2314,Тольятти,2021-12-08,26
2315,Тольятти,2021-12-09,27
2316,Тольятти,2021-12-10,28
2317,Тольятти,2021-12-11,27
2318,Тольятти,2021-12-12,27
2319,Тольятти,2021-12-13,27
2320,Тольятти,2021-12-14,27
2321,Тольятти,2021-12-15,27
2322,Тольятти,2021-12-16,26
2323,Тольятти,2021-12-17,27
2324,Тольятти,2021-12-18,27
2325,Тольятти,2021-12-19,27
2326,Тольятти,2021-12-20,27
2327,Тольятти,2021-12-21,26
2328,Тольятти,2021-12-22,27
2329,Тольятти,2021-12-23,27
2330,Тольятти,2021-12-24,26
2331,Тольятти,2021-12-25,27
2332,Тольятти,2021-12-26,27
2333,Тольятти,2021-12-27,27
2334,Тольятти,2021-12-28,27
2335,Тольятти,2021-12-29,27
2336,Тольятти,2021-12-30,27
2337,Тольятти,2021-12-31,27
2338,Тольятти,2022-01-01,27
2339,Тольятти,2022-01-02,26
2340,Тольятти,2022-01-03,26
2341,Тольятти,2022-01-04,28
2342,Тольятти,2022-01-05,26
2343,Тольятти,2022-01-06,27
2344,Тольятти,2022-01-07,27
2345,Тольятти,2022-01-08,26
2346,Тольятти,2022-01-09,26
2347,Тольятти,2022-01-10,26
2348,Тольятти,2022-01-11,25
2349,Тольятти,2022-01-12,26
2350,Тольятти,2022-01-13,24
2351,Тольятти,2022-01-14,25
2352,Тольятти,2022-01-15,23
2353,Тольятти,2022-01-16,24
2354,Тольятти,2022-01-17,23
2355,Тольятти,2022-01-18,25
2356,Тольятти,2022-01-19,25
2357,Тольятти,2022-01-20,26
2358,Тольятти,2022-01-21,26
2359,Тольятти,2022-01-22,22
2360,Тольятти,2022-01-23,23
2361,Тольятти,2022-01-24,24
2362,Тольятти,2022-01-25,25
2363,Тольятти,2022-01-26,26
2364,Тольятти,2022-01-27,26
2365,Тольятти,2022-01-28,25
2366,Тольятти,2022-01-29,26
2367,Тольятти,2022-01-30,26
2368,Тольятти,2022-01-31,25
2369,Тольятти,2022-02-01,26
2370,Тольятти,2022-02-02,26
2371,Тольятти,2022-02-03,25
2372,Тольятти,2022-02-04,24
2373,Тольятти,2022-02-05,26
2374,Тольятти,2022-02-06,25
2375,Тольятти,2022-02-07,25
2376,Тольятти,2022-02-08,25
2377,Тольятти,2022-02-09,26
2378,Тольятти,2022-02-10,27
2379,Тольятти,2022-02-11,25
2380,Тольятти,2022-02-12,25
2381,Тольятти,2022-02-13,26
2382,Тольятти,2022-02-14,24
2383,Тольятти,2022-02-15,25
2384,Тольятти,2022-02-16,21
2385,Тольятти,2022-02-17,23
2386,Тольятти,2022-02-18,22
2387,Тольятти,2022-02-19,25
2388,Тольятти,2022-02-20,25
2389,Тольятти,2022-02-21,25
2390,Тольятти,2022-02-22,24
2391,Тольятти,2022-02-23,26
2392,Тольятти,2022-02-24,24
2393,Тольятти,2022-02-25,24
2394,Тольятти,2022-02-26,23
2395,Тольятти,2022-02-27,24
2396,Тольятти,2022-02-28,22
2397,Тольятти,2022-03-01,24
2398,Тольятти,2022-03-02,23
2399,Тольятти,2022-03-03,24
2400,Тольятти,2022-03-04,24
2401,Тольятти,2022-03-05,26
2402,Тольятти,2022-03-06,26
2403,Тольятти,2022-03-07,27
2404,Тольятти,2022-03-08,26
2405,Тольятти,2022-03-09,24
2406,Тольятти,2022-03-10,24
2407,Тольятти,2022-03-11,23
2408,Тольятти,2022-03-12,23
2409,Тольятти,2022-03-13,22
2410,Тольятти,2022-03-14,21
2411,Тольятти,2022-03-15,22
2412,Тольятти,2022-03-16,21
2413,Тольятти,2022-03-17,19
2414,Тольятти,2022-03-18,17
2415,Тольятти,2022-03-19,15
2416,Тольятти,2022-03-20,17
2417,Тольятти,2022-03-21,14
2418,Тольятти,2022-03-22,11
2419,Тольятти,2022-03-23,13
2420,Тольятти,2022-03-24,13
2421,Тольятти,2022-03-25,10
2422,Тольятти,2022-03-26,11
2423,Тольятти,2022-03-27,10
2424,Тольятти,2022-03-28,11
2425,Тольятти,2022-03-29,11
2426,Тольятти,2022-03-30,10
2427,Тольятти,2022-03-31,9
2428,Тольятти,2022-04-01,9
2429,Тольятти,2022-04-02,4
2430,Тольятти,2022-04-03,4
2431,Тольятти,2022-04-04,2
2432,Тольятти,2022-04-05,3
2433,Тольятти,2022-04-06,2
2434,Тольятти,2022-04-07,3
2435,Тольятти,2022-04-08,2
2436,Тольятти,2022-04-09,2
2437,Тольятти,2022-04-10,2
2438,Тольятти,2022-04-11,2
2439,Тольятти,2022-04-12,2
2440,Тольятти,2022-04-24,2
